ID,図鑑番号,種類,レアリティ,装備,装備人形 ID,装備人形,火力,命中,回避,移動速度,射速,会心率,会心ダメージ,破甲,防御,シールド,被害増幅,被害軽減,暗視能力,弾薬数,装備経験値,強化レベル,EQUIP_INFO_ADJUST_MAX,校正回数,ロック
1740845,8,ホロサイト,★★★★★,EOT 518,297806781,Vector,8,14,-,-,-4,-,-,-,-,-,-,-,-,-,10225,10,MAX,13,ロック
1747664,8,ホロサイト,★★★★★,EOT 518,-,-,8,14,-,-,-4,-,-,-,-,-,-,-,-,-,10000,10,MAX,16,ロック
2543521,32,高速弾,★★★★★,APCR高速弾,-,-,20,-,-,-,-,-,-,-,-,-,-,-,-,-,10000,10,MAX,5,ロック
3110768,58,X外骨格,★★★★★,IOP X4外骨格,-,-,-,-,20,-,-,-,-,-,-,-,-,-,-,-,10050,10,MAX,5,ロック
3380234,68,アサルトパック,★★★★★,IOP多弾倉アサルトパック改,-,-,-,-,-2,-,-,-,-,-,-,-,-,-,-,5,10000,10,MAX,6,ロック
3466908,68,アサルトパック,★★★★★,IOP多弾倉アサルトパック改,-,-,-,-,-2,-,-,-,-,-,-,-,-,-,-,5,10000,10,MAX,6,ロック
4003780,49,暗視装備,★★★★★,16LAB赤外線レーザーサイト,-,-,-,-,-,-,-,-,-,-,-,-,-,-,100.0000%,-,0,0,MAX,0,ロック
4520204,16,暗視装備,★★★★★,PEQ-16A,-,-,-,-,-,-,-,-,-,-,-,-,-,-,100%,-,0,0,MAX,6,ロック
4933296,50,徹甲弾,★★★★★,16LAB硬芯徹甲弾,-,-,-,-,-,-,-,-,-,180.0000,-,-,-,-,-,-,10025,10,MAX,0,ロック
5458912,59,専用装備,★★★★★,ナショナルマッチ徹甲弾,28858743,スプリングフィールド,-,-,-,-,10,-,-,195,-,-,-,-,-,-,30000,10,MAX,16,ロック
5520727,32,高速弾,★★★★★,APCR高速弾,-,-,20,-,-,-,-,-,-,-,-,-,-,-,-,-,10025,10,MAX,2,ロック
5747658,40,T外骨格,★★★★★,IOP T4外骨格,-,-,-6,-,35,-,-,-,-,-,-,-,-,-,-,-,10050,10,MAX,6,ロック
6325255,4,オプティカル,★★★★★,VFL 6-24X56,-,-,-,-,-,-,-,48%,-,-,-,-,-,-,-,-,10050,10,MAX,8,ロック
6877920,90,カモフラージュマント,★★★★★,熱光学迷彩マント,-,-,-,-,-,-3.0000,-,-,25%,-,-,-,-,-,-,-,10000,10,MAX,6,ロック
6995487,16,暗視装備,★★★★★,PEQ-16A,-,-,-,-,-,-,-,-,-,-,-,-,-,-,100%,-,0,0,MAX,9,ロック
7035933,4,オプティカル,★★★★★,VFL 6-24X56,-,-,-,-,-,-,-,48%,-,-,-,-,-,-,-,-,10000,10,MAX,5,ロック
7262248,40,T外骨格,★★★★★,IOP T4外骨格,-,-,-6,-,35,-,-,-,-,-,-,-,-,-,-,-,10025,10,MAX,16,ロック
7262428,68,アサルトパック,★★★★★,IOP多弾倉アサルトパック改,-,-,-,-,-2,-,-,-,-,-,-,-,-,-,-,5,10050,10,MAX,5,ロック
7273981,68,アサルトパック,★★★★★,IOP多弾倉アサルトパック改,-,-,-,-,-2,-,-,-,-,-,-,-,-,-,-,5,10025,10,MAX,6,ロック
7275896,40,T外骨格,★★★★★,IOP T4外骨格,-,-,-6,-,35,-,-,-,-,-,-,-,-,-,-,-,10000,10,MAX,16,ロック
7597296,58,X外骨格,★★★★★,IOP X4外骨格,-,-,-,-,20,-,-,-,-,-,-,-,-,-,-,-,10025,10,MAX,6,ロック
7694197,40,T外骨格,★★★★★,IOP T4外骨格,-,-,-6,-,35,-,-,-,-,-,-,-,-,-,-,-,10000,10,MAX,16,ロック
7745238,40,T外骨格,★★★★★,IOP T4外骨格,-,-,-6,-,35,-,-,-,-,-,-,-,-,-,-,-,10000,10,MAX,6,ロック
7953362,44,防弾ベスト,★★★★★,Type3防弾ベスト,-,-,-,-,-2,-,-,-,-,-,11,-,-,-,-,-,10000,10,MAX,6,ロック
8462778,66,サイレンサー,★★★★★,AC4サイレンサー,-,-,-,-,10,-,-,20%,-,-,-,-,-,-,-,-,10075,10,MAX,16,ロック
8747014,80,スラッグ弾,★★★★★,SABOTスラッグ弾,-,-,-,20,-,-,-,-,-,-,-,-,-,-,-,-,10000,10,MAX,6,ロック
8888476,90,カモフラージュマント,★★★★★,熱光学迷彩マント,-,-,-,-,-,-3.0000,-,-,25%,-,-,-,-,-,-,-,10000,10,MAX,4,ロック
9255403,40,T外骨格,★★★★★,IOP T4外骨格,-,-,-6,-,35,-,-,-,-,-,-,-,-,-,-,-,10000,10,MAX,6,ロック
9716621,72,ホローポイント弾,★★★★★,ILMホローポイント弾,-,-,15,-,-,-,-,-,-,-7,-,-,-,-,-,-,10075,10,MAX,10,ロック
10273397,44,防弾ベスト,★★★★★,Type3防弾ベスト,325362695,Nova,-,-,-2,-,-,-,-,-,11,-,-,-,-,-,10050,10,MAX,6,ロック
10940933,72,ホローポイント弾,★★★★★,ILMホローポイント弾,273832151,P22,15,-,-,-,-,-,-,-7,-,-,-,-,-,-,10000,10,MAX,6,ロック
11313057,58,X外骨格,★★★★★,IOP X4外骨格,-,-,-,-,20,-,-,-,-,-,-,-,-,-,-,-,10000,10,MAX,9,ロック
11379286,20,徹甲弾,★★★★★,Mk211徹甲榴弾,-,-,-,-,-,-,-,-,-,180,-,-,-,-,-,-,10025,10,MAX,11,ロック
11435394,66,サイレンサー,★★★★★,AC4サイレンサー,-,-,-,-,10,-,-,20%,-,-,-,-,-,-,-,-,10000,10,MAX,16,ロック
11435397,32,高速弾,★★★★★,APCR高速弾,-,-,20,-,-,-,-,-,-,-,-,-,-,-,-,-,10025,10,MAX,5,ロック
11502049,32,高速弾,★★★★★,APCR高速弾,-,-,20,-,-,-,-,-,-,-,-,-,-,-,-,-,10000,10,MAX,7,ロック
11540023,40,T外骨格,★★★★★,IOP T4外骨格,-,-,-6,-,35,-,-,-,-,-,-,-,-,-,-,-,10050,10,MAX,6,ロック
11548884,44,防弾ベスト,★★★★★,Type3防弾ベスト,-,-,-,-,-2,-,-,-,-,-,11,-,-,-,-,-,10000,10,MAX,6,ロック
12288649,20,徹甲弾,★★★★★,Mk211徹甲榴弾,-,-,-,-,-,-,-,-,-,180,-,-,-,-,-,-,10000,10,MAX,8,ロック
12552108,58,X外骨格,★★★★★,IOP X4外骨格,-,-,-,-,20,-,-,-,-,-,-,-,-,-,-,-,10000,10,MAX,2,ロック
12625466,96,カモフラージュマント,★★★★★,16Lab熱光学迷彩マント,-,-,-,-,-,-3.0000,-,-,25.0000%,-,-,-,-,-,-,-,10000,10,MAX,0,ロック
12625468,95,ホローポイント弾,★★★★★,16Labホローポイント弾,-,-,15.0000,-,-,-,-,-,-,-7.0000,-,-,-,-,-,-,10000,10,MAX,0,ロック
13268944,66,サイレンサー,★★★★★,AC4サイレンサー,-,-,-,-,10,-,-,20%,-,-,-,-,-,-,-,-,10000,10,MAX,6,ロック
13381261,68,アサルトパック,★★★★★,IOP多弾倉アサルトパック改,-,-,-,-,-2,-,-,-,-,-,-,-,-,-,-,5,10000,10,MAX,6,ロック
13466119,66,サイレンサー,★★★★★,AC4サイレンサー,-,-,-,-,10,-,-,20%,-,-,-,-,-,-,-,-,10000,10,MAX,14,ロック
13565768,20,徹甲弾,★★★★★,Mk211徹甲榴弾,-,-,-,-,-,-,-,-,-,180,-,-,-,-,-,-,10000,10,MAX,9,ロック
13597896,20,徹甲弾,★★★★★,Mk211徹甲榴弾,-,-,-,-,-,-,-,-,-,180,-,-,-,-,-,-,10000,10,MAX,17,ロック
13746097,8,ホロサイト,★★★★★,EOT 518,-,-,8,14,-,-,-4,-,-,-,-,-,-,-,-,-,10000,10,MAX,16,ロック
13976558,12,ドットサイト,★★★★★,ITI MARS,-,-,-,30,-,-,-1,-,-,-,-,-,-,-,-,-,10000,10,MAX,16,ロック
13981092,8,ホロサイト,★★★★★,EOT 518,-,-,8,14,-,-,-4,-,-,-,-,-,-,-,-,-,10000,10,MAX,16,ロック
14076511,4,オプティカル,★★★★★,VFL 6-24X56,-,-,-,-,-,-,-,48%,-,-,-,-,-,-,-,-,10075,10,MAX,4,ロック
14145859,8,ホロサイト,★★★★★,EOT 518,214481937,AN-94,8,14,-,-,-4,-,-,-,-,-,-,-,-,-,10000,10,MAX,16,ロック
14197159,44,防弾ベスト,★★★★★,Type3防弾ベスト,-,-,-,-,-2,-,-,-,-,-,11,-,-,-,-,-,10000,10,MAX,6,ロック
14198688,8,ホロサイト,★★★★★,EOT 518,-,-,8,14,-,-,-4,-,-,-,-,-,-,-,-,-,10000,10,MAX,16,ロック
14260351,4,オプティカル,★★★★★,VFL 6-24X56,-,-,-,-,-,-,-,48%,-,-,-,-,-,-,-,-,10000,10,MAX,8,ロック
14263708,66,サイレンサー,★★★★★,AC4サイレンサー,-,-,-,-,10,-,-,20%,-,-,-,-,-,-,-,-,10000,10,MAX,6,ロック
14271859,58,X外骨格,★★★★★,IOP X4外骨格,214903415,M1911 Mod,-,-,20,-,-,-,-,-,-,-,-,-,-,-,10000,10,MAX,3,ロック
14282421,90,カモフラージュマント,★★★★★,熱光学迷彩マント,-,-,-,-,-,-3.0000,-,-,25%,-,-,-,-,-,-,-,10000,10,MAX,6,ロック
14282427,8,ホロサイト,★★★★★,EOT 518,297806776,Vector,8,14,-,-,-4,-,-,-,-,-,-,-,-,-,10000,10,MAX,16,ロック
14282433,58,X外骨格,★★★★★,IOP X4外骨格,-,-,-,-,20,-,-,-,-,-,-,-,-,-,-,-,10000,10,MAX,6,ロック
14290801,58,X外骨格,★★★★★,IOP X4外骨格,-,-,-,-,20,-,-,-,-,-,-,-,-,-,-,-,10000,10,MAX,5,ロック
14290813,44,防弾ベスト,★★★★★,Type3防弾ベスト,-,-,-,-,-2,-,-,-,-,-,11,-,-,-,-,-,10000,10,MAX,6,ロック
14300137,8,ホロサイト,★★★★★,EOT 518,-,-,8,14,-,-,-4,-,-,-,-,-,-,-,-,-,10000,10,MAX,19,ロック
14303522,4,オプティカル,★★★★★,VFL 6-24X56,-,-,-,-,-,-,-,48%,-,-,-,-,-,-,-,-,10050,10,MAX,12,ロック
14303548,12,ドットサイト,★★★★★,ITI MARS,325362695,Nova,-,30,-,-,-1,-,-,-,-,-,-,-,-,-,10000,10,MAX,15,ロック
14314735,4,オプティカル,★★★★★,VFL 6-24X56,-,-,-,-,-,-,-,48%,-,-,-,-,-,-,-,-,10050,10,MAX,3,ロック
14314832,58,X外骨格,★★★★★,IOP X4外骨格,287751707,デザートイーグル,-,-,20,-,-,-,-,-,-,-,-,-,-,-,10000,10,MAX,4,ロック
14329354,16,暗視装備,★★★★★,PEQ-16A,-,-,-,-,-,-,-,-,-,-,-,-,-,-,100%,-,0,0,MAX,11,ロック
14339719,4,オプティカル,★★★★★,VFL 6-24X56,24403124,M4A1 Mod,-,-,-,-,-,48%,-,-,-,-,-,-,-,-,10025,10,MAX,11,ロック
14339757,12,ドットサイト,★★★★★,ITI MARS,-,-,-,30,-,-,-1,-,-,-,-,-,-,-,-,-,10000,10,MAX,16,ロック
14349611,66,サイレンサー,★★★★★,AC4サイレンサー,-,-,-,-,10,-,-,20%,-,-,-,-,-,-,-,-,10000,10,MAX,14,ロック
14388188,44,防弾ベスト,★★★★★,Type3防弾ベスト,-,-,-,-,-2,-,-,-,-,-,11,-,-,-,-,-,10000,10,MAX,6,ロック
14391279,32,高速弾,★★★★★,APCR高速弾,-,-,20,-,-,-,-,-,-,-,-,-,-,-,-,-,10000,10,MAX,3,ロック
14414748,76,バックショット,★★★★★,#000バックショット,-,-,15,-,-,-,-,-,22%,-,-,-,-,-,-,-,10000,10,MAX,16,ロック
14575783,72,ホローポイント弾,★★★★★,ILMホローポイント弾,-,-,15,-,-,-,-,-,-,-7,-,-,-,-,-,-,10000,10,MAX,9,ロック
15362661,20,徹甲弾,★★★★★,Mk211徹甲榴弾,-,-,-,-,-,-,-,-,-,180,-,-,-,-,-,-,10000,10,MAX,16,ロック
15427732,20,徹甲弾,★★★★★,Mk211徹甲榴弾,-,-,-,-,-,-,-,-,-,180,-,-,-,-,-,-,10000,10,MAX,19,ロック
15756613,16,暗視装備,★★★★★,PEQ-16A,-,-,-,-,-,-,-,-,-,-,-,-,-,-,100%,-,0,0,MAX,8,ロック
15858033,66,サイレンサー,★★★★★,AC4サイレンサー,273832151,P22,-,-,10,-,-,20%,-,-,-,-,-,-,-,-,10000,10,MAX,6,ロック
15858041,32,高速弾,★★★★★,APCR高速弾,-,-,20,-,-,-,-,-,-,-,-,-,-,-,-,-,10075,10,MAX,10,ロック
15905896,66,サイレンサー,★★★★★,AC4サイレンサー,-,-,-,-,10,-,-,20%,-,-,-,-,-,-,-,-,10000,10,MAX,6,ロック
16043687,82,バックショット,★★★★★,16LABバックショット,-,-,15.0000,-,-,-,-,-,22.0000%,-,-,-,-,-,-,-,10000,10,MAX,0,ロック
16174910,81,防弾ベスト,★★★★★,16LAB防弾ベスト,-,-,-,-,-2.0000,-,-,-,-,-,11.0000,-,-,-,-,-,10000,10,MAX,0,ロック
18325287,66,サイレンサー,★★★★★,AC4サイレンサー,287751707,デザートイーグル,-,-,10,-,-,20%,-,-,-,-,-,-,-,-,10000,10,MAX,16,ロック
19393547,72,ホローポイント弾,★★★★★,ILMホローポイント弾,-,-,15,-,-,-,-,-,-,-7,-,-,-,-,-,-,10000,10,MAX,15,ロック
19683173,32,高速弾,★★★★★,APCR高速弾,-,-,20,-,-,-,-,-,-,-,-,-,-,-,-,-,10025,10,MAX,4,ロック
20006291,20,徹甲弾,★★★★★,Mk211徹甲榴弾,-,-,-,-,-,-,-,-,-,180,-,-,-,-,-,-,10000,10,MAX,12,ロック
21461808,4,オプティカル,★★★★★,VFL 6-24X56,34148758,ST AR-15 Mod,-,-,-,-,-,48%,-,-,-,-,-,-,-,-,10050,10,MAX,10,ロック
21755416,12,ドットサイト,★★★★★,ITI MARS,-,-,-,30,-,-,-1,-,-,-,-,-,-,-,-,-,10000,10,MAX,6,ロック
32480949,16,暗視装備,★★★★★,PEQ-16A,-,-,-,-,-,-,-,-,-,-,-,-,-,-,100%,-,0,0,MAX,15,ロック
32631504,68,アサルトパック,★★★★★,IOP多弾倉アサルトパック改,-,-,-,-,-2,-,-,-,-,-,-,-,-,-,-,5,10000,10,MAX,4,ロック
32718247,90,カモフラージュマント,★★★★★,熱光学迷彩マント,-,-,-,-,-,-3.0000,-,-,25%,-,-,-,-,-,-,-,10000,10,MAX,7,ロック
32718249,12,ドットサイト,★★★★★,ITI MARS,-,-,-,30,-,-,-1,-,-,-,-,-,-,-,-,-,10000,10,MAX,16,ロック
32959726,16,暗視装備,★★★★★,PEQ-16A,-,-,-,-,-,-,-,-,-,-,-,-,-,-,100%,-,0,0,MAX,11,ロック
33115176,90,カモフラージュマント,★★★★★,熱光学迷彩マント,299527802,KSVK Mod,-,-,-,-3.0000,-,-,25%,-,-,-,-,-,-,-,10000,10,MAX,6,ロック
33261609,12,ドットサイト,★★★★★,ITI MARS,-,-,-,30,-,-,-1,-,-,-,-,-,-,-,-,-,10000,10,MAX,6,ロック
33785914,137,専用装備,★★★★★,アデルハイド,-,-,-,-,15.0000,-,-,-,-,-,-,-,-,-,-,-,0,0,MAX,0,ロック
33785915,138,専用装備,★★★★★,フラナガイド,-,-,-,-,15.0000,-,-,-,-,-,-,-,-,-,-,-,0,0,MAX,0,ロック
33785916,139,専用装備,★★★★★,アデルハイド,-,-,-,-,15.0000,-,-,-,-,-,-,-,-,-,-,-,0,0,MAX,0,ロック
33785917,140,専用装備,★★★★★,ブロンソンエキス,-,-,-,-,15.0000,-,-,-,-,-,-,-,-,-,-,-,0,0,MAX,0,ロック
33785918,141,専用装備,★★★★★,デルタパウダー,319458276,ジル・スティングレイ,-,-,15.000,-,-,-,-,-,-,-,-,-,-,-,0,0,MAX,0,ロック
33785919,142,専用装備,★★★★★,カルモトリン,-,-,-,-,15.0000,-,-,-,-,-,-,-,-,-,-,-,0,0,MAX,0,ロック
33785920,143,専用装備,★★★★★,カルモトリン,-,-,-,-,15.0000,-,-,-,-,-,-,-,-,-,-,-,0,0,MAX,0,ロック
33785921,144,専用装備,★★★★★,カルモトリン,-,-,-,-,15.0000,-,-,-,-,-,-,-,-,-,-,-,0,0,MAX,0,ロック
33997035,4,オプティカル,★★★★★,VFL 6-24X56,334535012,MG338,-,-,-,-,-,48%,-,-,-,-,-,-,-,-,10000,10,MAX,6,ロック
34107902,147,専用装備,★★★★★,ホワイトナイト制式アーマー,185048864,セイ・P・アサギリ,-,-,34,-,-,-,-,-,-,-,-,-,-,-,30000,10,MAX,2,ロック
34202412,145,専用装備,★★★★★,機械の義腕,318976267,デイナ・ゼイン,6,-,-2,-,-,-,-,-,11,-,-,-,-,-,30000,10,MAX,16,ロック
34314491,4,オプティカル,★★★★★,VFL 6-24X56,299527802,KSVK Mod,-,-,-,-,-,48%,-,-,-,-,-,-,-,-,10000,10,MAX,10,ロック
34579421,76,バックショット,★★★★★,#000バックショット,-,-,7.033,-,-,-,-,-,14.7445%,-,-,-,-,-,-,-,0,0,,0,ロック
34676144,146,専用装備,★★★★★,MIRD クラス5弾薬,185139464,ドロシー・ヘイズ,22,-,-,-,-,-,-,-7,-,-,-,-,-,-,30000,10,MAX,16,ロック
35009727,148,専用装備,★★★★★,電子の目,185103780,ステラ・星井,-,-,-,-3.0000,3,-,30%,-,-,-,-,-,-,-,30000,10,MAX,6,ロック
35009734,149,専用装備,★★★★★,機械の義手,185422234,アルマ・アルマス,6,-,-2,-,-,-,-,-,-,-,-,-,-,6,30000,10,MAX,8,ロック
35411087,91,専用装備,★★★★★,特殊戦術機動装甲,36385599,M16A1,-,-20.0000,10.0000,-,-10.0000,-,-,-,20.0000,-,-,-,-,-,30000,10,MAX,0,ロック
35668162,16,暗視装備,★★★★★,PEQ-16A,-,-,-,-,-,-,-,-,-,-,-,-,-,-,100%,-,0,0,MAX,18,ロック
36230999,32,高速弾,★★★★★,APCR高速弾,214481937,AN-94,20,-,-,-,-,-,-,-,-,-,-,-,-,-,10000,10,MAX,2,ロック
36262810,86,専用装備,★★★★★,Hayhaメモリーチップ,26227342,モシン・ナガン Mod,30,-,5,-,-,-,30%,-,-,-,-,-,-,-,30000,10,MAX,26,ロック
36323084,16,暗視装備,★★★★★,PEQ-16A,-,-,-,-,-,-,-,-,-,-,-,-,-,-,100%,-,0,0,MAX,10,ロック
36328127,72,ホローポイント弾,★★★★★,ILMホローポイント弾,-,-,15,-,-,-,-,-,-,-7,-,-,-,-,-,-,10000,10,MAX,6,ロック
36592746,32,高速弾,★★★★★,APCR高速弾,-,-,20,-,-,-,-,-,-,-,-,-,-,-,-,-,10025,10,MAX,5,ロック
36660816,32,高速弾,★★★★★,APCR高速弾,-,-,20,-,-,-,-,-,-,-,-,-,-,-,-,-,10000,10,MAX,5,ロック
36803387,40,T外骨格,★★★★★,IOP T4外骨格,-,-,-6,-,35,-,-,-,-,-,-,-,-,-,-,-,10000,10,MAX,4,ロック
36842569,20,徹甲弾,★★★★★,Mk211徹甲榴弾,-,-,-,-,-,-,-,-,-,180,-,-,-,-,-,-,10000,10,MAX,26,ロック
36957969,44,防弾ベスト,★★★★★,Type3防弾ベスト,-,-,-,-,-2,-,-,-,-,-,11,-,-,-,-,-,10000,10,MAX,4,ロック
37028510,16,暗視装備,★★★★★,PEQ-16A,-,-,-,-,-,-,-,-,-,-,-,-,-,-,100%,-,1,0,MAX,0,ロック
37028511,20,徹甲弾,★★★★★,Mk211徹甲榴弾,-,-,-,-,-,-,-,-,-,180,-,-,-,-,-,-,10000,10,MAX,0,ロック
37046566,4,オプティカル,★★★★★,VFL 6-24X56,-,-,-,-,-,-,-,48%,-,-,-,-,-,-,-,-,10000,10,MAX,6,ロック
37472244,44,防弾ベスト,★★★★★,Type3防弾ベスト,-,-,-,-,-2,-,-,-,-,-,11,-,-,-,-,-,10000,10,MAX,2,ロック
38438259,60,専用装備,★★★★★,.300BLK高速弾,34148758,ST AR-15 Mod,35,-,-,-,-10,-,-,-,-,-,-,-,-,-,30050,10,MAX,6,ロック
38461017,62,専用装備,★★★★★,GSG UX外骨格,297452771,Gr MP5 Mod,-6,-,58,-,-,-,-,-,-,-,-,-,-,-,30000,10,MAX,36,ロック
38689382,168,専用装備,★★★★★,折り畳み式銃床,-,-,-,-,25,-,-,20%,-,-,-,-,-,-,-,-,30000,10,MAX,6,ロック
38771191,169,専用装備,★★★★★,RFB専用フロントレール,-,-,-,-,-,-,-,48%,18%,-,-,-,-,-,-,-,30000,10,MAX,16,ロック
38776847,32,高速弾,★★★★★,APCR高速弾,309048856,メデューサ,20,-,-,-,-,-,-,-,-,-,-,-,-,-,10000,10,MAX,12,ロック
39194060,92,専用装備,★★★★★,UMP UX外骨格,185696627,UMP9 Mod,-,-,35,-,-,-,25%,-,-,-,-,-,-,-,30000,10,MAX,6,ロック
39291749,4,オプティカル,★★★★★,VFL 6-24X56,-,-,-,-,-,-,-,48%,-,-,-,-,-,-,-,-,10000,10,MAX,6,ロック
39495050,8,ホロサイト,★★★★★,EOT 518,-,-,8,14,-,-,-4,-,-,-,-,-,-,-,-,-,10000,10,MAX,16,ロック
39733219,16,暗視装備,★★★★★,PEQ-16A,-,-,-,-,-,-,-,-,-,-,-,-,-,-,95.0005%,-,0,0,,5,ロック
39747547,12,ドットサイト,★★★★★,ITI MARS,-,-,-,30,-,-,-1,-,-,-,-,-,-,-,-,-,10000,10,MAX,6,ロック
39749392,4,オプティカル,★★★★★,VFL 6-24X56,-,-,-,-,-,-,-,48%,-,-,-,-,-,-,-,-,10000,10,MAX,12,ロック
39761936,4,オプティカル,★★★★★,VFL 6-24X56,-,-,-,-,-,-,-,48%,-,-,-,-,-,-,-,-,10000,10,MAX,1,ロック
39768523,8,ホロサイト,★★★★★,EOT 518,-,-,8,14,-,-,-4,-,-,-,-,-,-,-,-,-,10000,10,MAX,6,ロック
39771682,16,暗視装備,★★★★★,PEQ-16A,-,-,-,-,-,-,-,-,-,-,-,-,-,-,100%,-,0,0,MAX,12,ロック
39779529,16,暗視装備,★★★★★,PEQ-16A,-,-,-,-,-,-,-,-,-,-,-,-,-,-,93.3517%,-,0,0,,0,ロック
39800441,72,ホローポイント弾,★★★★★,ILMホローポイント弾,-,-,8.4577,-,-,-,-,-,-,-8.5567,-,-,-,-,-,-,0,0,,0,ロック
39805643,32,高速弾,★★★★★,APCR高速弾,-,-,20,-,-,-,-,-,-,-,-,-,-,-,-,-,10000,10,MAX,2,ロック
39810199,20,徹甲弾,★★★★★,Mk211徹甲榴弾,-,-,-,-,-,-,-,-,-,180,-,-,-,-,-,-,10000,10,MAX,15,ロック
39810230,80,スラッグ弾,★★★★★,SABOTスラッグ弾,-,-,-,20,-,-,-,-,-,-,-,-,-,-,-,-,10000,10,MAX,6,ロック
39810746,66,サイレンサー,★★★★★,AC4サイレンサー,-,-,-,-,6.8922,-,-,14.8977%,-,-,-,-,-,-,-,-,0,0,,0,ロック
39810762,40,T外骨格,★★★★★,IOP T4外骨格,189890793,M950A Mod,-6,-,35,-,-,-,-,-,-,-,-,-,-,-,10000,10,MAX,6,ロック
39811144,76,バックショット,★★★★★,#000バックショット,-,-,7.7674,-,-,-,-,-,14.4935%,-,-,-,-,-,-,-,0,0,,0,ロック
39812856,32,高速弾,★★★★★,APCR高速弾,-,-,20,-,-,-,-,-,-,-,-,-,-,-,-,-,10000,10,MAX,2,ロック
39815678,72,ホローポイント弾,★★★★★,ILMホローポイント弾,-,-,15,-,-,-,-,-,-,-7,-,-,-,-,-,-,10000,10,MAX,16,ロック
39815706,72,ホローポイント弾,★★★★★,ILMホローポイント弾,-,-,15,-,-,-,-,-,-,-7,-,-,-,-,-,-,10000,10,MAX,6,ロック
39817486,68,アサルトパック,★★★★★,IOP多弾倉アサルトパック改,-,-,-,-,-2,-,-,-,-,-,-,-,-,-,-,5,10000,10,MAX,6,ロック
39817571,68,アサルトパック,★★★★★,IOP多弾倉アサルトパック改,-,-,-,-,-2,-,-,-,-,-,-,-,-,-,-,5,10000,10,MAX,1,ロック
39817710,58,X外骨格,★★★★★,IOP X4外骨格,-,-,-,-,20,-,-,-,-,-,-,-,-,-,-,-,10000,10,MAX,9,ロック
39817726,68,アサルトパック,★★★★★,IOP多弾倉アサルトパック改,-,-,-,-,-2,-,-,-,-,-,-,-,-,-,-,5,10000,10,MAX,6,ロック
39817809,66,サイレンサー,★★★★★,AC4サイレンサー,-,-,-,-,6.8350,-,-,13.776%,-,-,-,-,-,-,-,-,0,0,,0,ロック
39817834,90,カモフラージュマント,★★★★★,熱光学迷彩マント,-,-,-,-,-,-3.000,-,-,25%,-,-,-,-,-,-,-,10000,10,MAX,4,ロック
39818015,66,サイレンサー,★★★★★,AC4サイレンサー,-,-,-,-,6.9356,-,-,13.7628%,-,-,-,-,-,-,-,-,0,0,,0,ロック
39818261,68,アサルトパック,★★★★★,IOP多弾倉アサルトパック改,-,-,-,-,-2,-,-,-,-,-,-,-,-,-,-,5,10000,10,MAX,6,ロック
39818375,16,暗視装備,★★★★★,PEQ-16A,-,-,-,-,-,-,-,-,-,-,-,-,-,-,100%,-,0,0,MAX,8,ロック
39879507,12,ドットサイト,★★★★★,ITI MARS,-,-,-,12.396,-,-,-2.563,-,-,-,-,-,-,-,-,-,0,0,,0,ロック
39926132,16,暗視装備,★★★★★,PEQ-16A,-,-,-,-,-,-,-,-,-,-,-,-,-,-,100%,-,0,0,MAX,10,ロック
39997950,8,ホロサイト,★★★★★,EOT 518,-,-,4.726,7.9904,-,-,-5.1976,-,-,-,-,-,-,-,-,-,0,0,,0,ロック
40176711,20,徹甲弾,★★★★★,Mk211徹甲榴弾,-,-,-,-,-,-,-,-,-,180,-,-,-,-,-,-,10000,10,MAX,18,ロック
40333872,58,X外骨格,★★★★★,IOP X4外骨格,-,-,-,-,20,-,-,-,-,-,-,-,-,-,-,-,10000,10,MAX,6,ロック
40375689,99,専用装備,★★★★★,遺されたケース,24403124,M4A1 Mod,20,-,-,-,20,-,-,-,15,-,-,-,-,-,30000,10,MAX,6,ロック
40380653,100,専用装備,★★★★★,軽量化レールキット,34148758,ST AR-15 Mod,15,10,-,-,-,-,30%,-,-,-,-,-,-,-,30000,10,MAX,6,ロック
40522089,66,サイレンサー,★★★★★,AC4サイレンサー,-,-,-,-,10,-,-,20%,-,-,-,-,-,-,-,-,10000,10,MAX,6,ロック
40526145,58,X外骨格,★★★★★,IOP X4外骨格,325227248,コリブリ,-,-,20,-,-,-,-,-,-,-,-,-,-,-,10000,10,MAX,4,ロック
40526146,40,T外骨格,★★★★★,IOP T4外骨格,-,-,-6,-,35,-,-,-,-,-,-,-,-,-,-,-,10000,10,MAX,16,ロック
40544778,106,専用装備,★★★★★,EOT XPS3,-,-,8,14,-,-,-,25%,-,-,-,-,-,-,-,-,30000,10,MAX,16,ロック
40727724,68,アサルトパック,★★★★★,IOP多弾倉アサルトパック改,114247677,PKP,-,-,-2,-,-,-,-,-,-,-,-,-,-,5,10000,10,MAX,6,ロック
40844434,40,T外骨格,★★★★★,IOP T4外骨格,125628851,ウェルロッドMkⅡ Mod,-6,-,35,-,-,-,-,-,-,-,-,-,-,-,10000,10,MAX,16,ロック
41378405,4,オプティカル,★★★★★,VFL 6-24X56,-,-,-,-,-,-,-,24%,-,-,-,-,-,-,-,-,0,0,MAX,9,ロック
41825759,101,専用装備,★★★★★,XM261拳銃弾,214903415,M1911 Mod,17,-,-,-,-,-,-,-7,-,-,-,-,-,-,30000,10,MAX,6,ロック
41870724,4,オプティカル,★★★★★,VFL 6-24X56,114247677,PKP,-,-,-,-,-,48%,-,-,-,-,-,-,-,-,10000,10,MAX,6,ロック
42024883,16,暗視装備,★★★★★,PEQ-16A,-,-,-,-,-,-,-,-,-,-,-,-,-,-,100%,-,1,0,MAX,9,ロック
42387847,16,暗視装備,★★★★★,PEQ-16A,-,-,-,-,-,-,-,-,-,-,-,-,-,-,100%,-,1,0,MAX,14,ロック
42476409,4,オプティカル,★★★★★,VFL 6-24X56,290355813,カルカノ M91/38,-,-,-,-,-,48%,-,-,-,-,-,-,-,-,10000,10,MAX,4,ロック
42588166,4,オプティカル,★★★★★,VFL 6-24X56,308067599,RPK-203,-,-,-,-,-,48%,-,-,-,-,-,-,-,-,10000,10,MAX,6,ロック
42698817,72,ホローポイント弾,★★★★★,ILMホローポイント弾,297806781,Vector,15,-,-,-,-,-,-,-7,-,-,-,-,-,-,10000,10,MAX,6,ロック
42833068,4,オプティカル,★★★★★,VFL 6-24X56,-,-,-,-,-,-,-,24%,-,-,-,-,-,-,-,-,0,0,MAX,3,ロック
42966839,105,専用装備,★★★★★,PM 5-25X56,-,-,-,-,-,-,-,48.0000%,20.0000%,-,-,-,-,-,-,-,30000,10,MAX,0,ロック
43120551,4,オプティカル,★★★★★,VFL 6-24X56,307589334,SIG MCX,-,-,-,-,-,48%,-,-,-,-,-,-,-,-,10000,10,MAX,15,ロック
43133585,40,T外骨格,★★★★★,IOP T4外骨格,-,-,-6,-,35,-,-,-,-,-,-,-,-,-,-,-,10000,10,MAX,16,ロック
43192147,72,ホローポイント弾,★★★★★,ILMホローポイント弾,214093880,Honey Badger,15,-,-,-,-,-,-,-7,-,-,-,-,-,-,10000,10,MAX,16,ロック
43250465,117,専用装備,★★★★★,Glory Light,226590422,エル・クレア,-,-,-,-,-,-,-,-,-,-,-,-,100.0000%,-,1,0,MAX,0,ロック
43569801,4,オプティカル,★★★★★,VFL 6-24X56,-,-,-,-,-,-,-,24%,-,-,-,-,-,-,-,-,0,0,MAX,6,ロック
43592192,66,サイレンサー,★★★★★,AC4サイレンサー,-,-,-,-,6.3286,-,-,12.5742%,-,-,-,-,-,-,-,-,0,0,,0,ロック
43783614,40,T外骨格,★★★★★,IOP T4外骨格,273832151,P22,-6,-,35,-,-,-,-,-,-,-,-,-,-,-,10000,10,MAX,6,ロック
44048930,175,専用装備,★★★★★,BPR4&SRM6,-,-,6,-,10,-,-,48%,-,-,-,-,-,-,-,-,30000,10,MAX,13,ロック
44266566,4,オプティカル,★★★★★,VFL 6-24X56,-,-,-,-,-,-,-,22.0001%,-,-,-,-,-,-,-,-,1,0,,5,ロック
44334015,4,オプティカル,★★★★★,VFL 6-24X56,-,-,-,-,-,-,-,48%,-,-,-,-,-,-,-,-,10000,10,MAX,5,ロック
44896099,76,バックショット,★★★★★,#000バックショット,-,-,15,-,-,-,-,-,22%,-,-,-,-,-,-,-,10000,10,MAX,6,ロック
44971130,110,高速弾,★★★★★,16Lab高速弾,-,-,20.0000,-,-,-,-,-,-,-,-,-,-,-,-,-,10000,10,MAX,0,ロック
45073899,108,専用装備,★★★★★,蒼い厚手のマント,-,-,-,-,-,-3.0000,1.0136,-,12.4044%,-,-,-,-,-,-,-,1,0,,0,ロック
45083174,4,オプティカル,★★★★★,VFL 6-24X56,-,-,-,-,-,-,-,42.0010%,-,-,-,-,-,-,-,-,10000,10,,3,ロック
45123621,109,オプティカル,★★★★★,16Lab6-24X56,318249793,HS.50,-,-,-,-,-,48.0000%,-,-,-,-,-,-,-,-,10000,10,MAX,0,ロック
45191882,155,専用装備,★★★★★,PPKサイレンサー,180770047,PPK,-,-,18,-,-,30%,-,-,-,-,-,-,-,-,30000,10,MAX,15,ロック
45568165,32,高速弾,★★★★★,APCR高速弾,-,-,20,-,-,-,-,-,-,-,-,-,-,-,-,-,10000,10,MAX,3,ロック
45753537,90,カモフラージュマント,★★★★★,熱光学迷彩マント,-,-,-,-,-,-3.0000,-,-,25%,-,-,-,-,-,-,-,10000,10,MAX,4,ロック
45760673,16,暗視装備,★★★★★,PEQ-16A,-,-,-,-,-,-,-,-,-,-,-,-,-,-,100%,-,0,0,MAX,2,ロック
45760929,90,カモフラージュマント,★★★★★,熱光学迷彩マント,-,-,-,-,-,-3.0000,-,-,25%,-,-,-,-,-,-,-,10000,10,MAX,6,ロック
45788064,4,オプティカル,★★★★★,VFL 6-24X56,31741914,NTW-20 Mod,-,-,-,-,-,48%,-,-,-,-,-,-,-,-,10000,10,MAX,7,ロック
45856662,32,高速弾,★★★★★,APCR高速弾,-,-,20,-,-,-,-,-,-,-,-,-,-,-,-,-,10000,10,MAX,3,ロック
46034611,61,専用装備,★★★★★,Titan射撃管制チップ,198007699,M1918 Mod,-2,-,-,-,-1,-,-,-,-,-,-,-,-,6,30000,10,MAX,16,ロック
46147682,113,専用装備,★★★★★,M1895専用サイレンサー,-,-,-,4,14,-,-,20%,-,-,-,-,-,-,-,-,30000,10,MAX,8,ロック
46183460,111,専用装備,★★★★★,K6-24X56,26227342,モシン・ナガン Mod,-,6,-,-,-,50%,-,-,-,-,-,-,-,-,30000,10,MAX,6,ロック
46219158,12,ドットサイト,★★★★★,ITI MARS,-,-,-,30,-,-,-1,-,-,-,-,-,-,-,-,-,10000,10,MAX,6,ロック
46252464,16,暗視装備,★★★★★,PEQ-16A,-,-,-,-,-,-,-,-,-,-,-,-,-,-,93.2968%,-,0,0,,0,ロック
46276830,32,高速弾,★★★★★,APCR高速弾,-,-,20,-,-,-,-,-,-,-,-,-,-,-,-,-,10000,10,MAX,5,ロック
46469162,8,ホロサイト,★★★★★,EOT 518,-,-,4.5870,7.9268,-,-,-5.3432,-,-,-,-,-,-,-,-,-,0,0,,0,ロック
46512398,44,防弾ベスト,★★★★★,Type3防弾ベスト,-,-,-,-,-2,-,-,-,-,-,11,-,-,-,-,-,10000,10,MAX,2,ロック
46512399,16,暗視装備,★★★★★,PEQ-16A,-,-,-,-,-,-,-,-,-,-,-,-,-,-,92.485%,-,0,0,,0,ロック
46682262,12,ドットサイト,★★★★★,ITI MARS,-,-,-,30,-,-,-1,-,-,-,-,-,-,-,-,-,10000,10,MAX,16,ロック
47076999,126,専用装備,★★★★★,ダイナーゲート型RO,27121889,M4 SOPMOD II Mod,35,14,-,-,-2,-,-,-,-,-,-,-,-,-,30000,10,MAX,23,ロック
47086158,4,オプティカル,★★★★★,VFL 6-24X56,309048856,メデューサ,-,-,-,-,-,48%,-,-,-,-,-,-,-,-,10000,10,MAX,3,ロック
47698947,4,オプティカル,★★★★★,VFL 6-24X56,-,-,-,-,-,-,-,46.0008%,-,-,-,-,-,-,-,-,10000,10,,5,ロック
47857104,104,専用装備,★★★★★,セレクティブトリガーユニット,-,-,-,-,-,-,5,48%,-,-,-,-,-,-,-,-,30000,10,MAX,6,ロック
47877431,4,オプティカル,★★★★★,VFL 6-24X56,287844766,Kord,-,-,-,-,-,48%,-,-,-,-,-,-,-,-,10000,10,MAX,7,ロック
47947134,40,T外骨格,★★★★★,IOP T4外骨格,-,-,-6,-,35,-,-,-,-,-,-,-,-,-,-,-,10000,10,MAX,6,ロック
48290559,90,カモフラージュマント,★★★★★,熱光学迷彩マント,290355813,カルカノ M91/38,-,-,-,-3.0000,-,-,25%,-,-,-,-,-,-,-,10000,10,MAX,4,ロック
48635068,16,暗視装備,★★★★★,PEQ-16A,-,-,-,-,-,-,-,-,-,-,-,-,-,-,100%,-,0,0,MAX,10,ロック
48702777,90,カモフラージュマント,★★★★★,熱光学迷彩マント,-,-,-,-,-,-3.0000,-,-,25%,-,-,-,-,-,-,-,10000,10,MAX,4,ロック
48999207,20,徹甲弾,★★★★★,Mk211徹甲榴弾,-,-,-,-,-,-,-,-,-,180,-,-,-,-,-,-,10000,10,MAX,7,ロック
49074399,127,専用装備,★★★★★,高性能戦術髪飾り,35888682,Gr G41,25.0000,10.0000,20.0000,-,-,-,-,-,-,-,-,-,-,-,30000,10,MAX,0,ロック
49154237,112,専用装備,★★★★★,CT 4X20,198007699,M1918 Mod,-,30,-,-,-1,30%,-,-,-,-,-,-,-,-,30000,10,MAX,15,ロック
49211779,66,サイレンサー,★★★★★,AC4サイレンサー,-,-,-,-,7.0798,-,-,13.3935%,-,-,-,-,-,-,-,-,1,0,,0,ロック
49413025,16,暗視装備,★★★★★,PEQ-16A,214093880,Honey Badger,-,-,-,-,-,-,-,-,-,-,-,-,100%,-,0,0,MAX,16,ロック
49579712,20,徹甲弾,★★★★★,Mk211徹甲榴弾,-,-,-,-,-,-,-,-,-,180,-,-,-,-,-,-,10000,10,MAX,13,ロック
49838283,182,専用装備,★★★★★,S&B762,-,-,25,-,-,-,-4.0000,-,-,-,-,-,-,-,-,-,30000,10,MAX,4,ロック
50012485,180,専用装備,★★★★★,タクティカルグリップ,22403364,マカロフ Mod,-,-,22,-,-,20%,-,-,-,-,-,-,-,-,30000,10,MAX,15,ロック
50284765,4,オプティカル,★★★★★,VFL 6-24X56,-,-,-,-,-,-,-,22.7043%,-,-,-,-,-,-,-,-,0,0,,0,ロック
50649266,40,T外骨格,★★★★★,IOP T4外骨格,-,-,-6,-,35,-,-,-,-,-,-,-,-,-,-,-,10000,10,MAX,16,ロック
51647117,40,T外骨格,★★★★★,IOP T4外骨格,-,-,-6,-,35,-,-,-,-,-,-,-,-,-,-,-,10000,10,MAX,8,ロック
51813712,68,アサルトパック,★★★★★,IOP多弾倉アサルトパック改,334535012,MG338,-,-,-2,-,-,-,-,-,-,-,-,-,-,5,10000,10,MAX,6,ロック
51832223,181,専用装備,★★★★★,RIP380ACP,11539008,スコーピオン,9.3118,-,-,-,-4.0000,-,-,-9.076,-,-,-,-,-,-,1,0,,0,ロック
51972234,183,専用装備,★★★★★,バトルトランプ,262696382,リコ,-,-,-,-3.0000,-,-,45%,-,-,-,-,-,-,-,30000,10,MAX,5,ロック
52243827,58,X外骨格,★★★★★,IOP X4外骨格,-,-,-,-,20,-,-,-,-,-,-,-,-,-,-,-,10000,10,MAX,6,ロック
52281551,187,専用装備,★★★★★,アンティークの万華鏡,262214148,ヘンリエッタ,-,5,10,-,-,25%,-,-,-,-,-,-,-,-,30000,10,MAX,16,ロック
52337764,125,専用装備,★★★★★,追加演算モジュール,184591861,UMP45 Mod,-,-,15,-,-,25%,-,-,-,-,-,-,-,-,30000,10,MAX,6,ロック
52339091,186,専用装備,★★★★★,銃剣,-,-,7.4632,-,-,-,-,11.186%,12.1520%,-,-,-,-,-,-,-,1,0,,0,ロック
52378615,185,専用装備,★★★★★,伊達メガネ,262952992,クラエス,10,5,-,-,-,50%,-,-,-,-,-,-,-,-,30000,10,MAX,16,ロック
52418003,188,専用装備,★★★★★,メソシデライト,-,-,3.7182,1.9810,-,-,-,24.5527%,-,-,-,-,-,-,-,-,1,0,,0,ロック
52431484,189,専用装備,★★★★★,クロノグラフ,-,-,3.7052,1.452,-,-,-,18.014%,-,-,-,-,-,-,-,-,1,0,,0,ロック
52477372,184,専用装備,★★★★★,童話の絵本,-,-,15,-,20,-,-,-,-,-,-,-,-,-,-,-,30000,10,MAX,16,ロック
52702319,40,T外骨格,★★★★★,IOP T4外骨格,-,-,-6,-,35,-,-,-,-,-,-,-,-,-,-,-,10000,10,MAX,16,ロック
53088584,72,ホローポイント弾,★★★★★,ILMホローポイント弾,-,-,15,-,-,-,-,-,-,-7,-,-,-,-,-,-,10000,10,MAX,16,ロック
53088600,58,X外骨格,★★★★★,IOP X4外骨格,201633581,M1895 Mod,-,-,20,-,-,-,-,-,-,-,-,-,-,-,10000,10,MAX,1,ロック
53120387,40,T外骨格,★★★★★,IOP T4外骨格,-,-,-6,-,35,-,-,-,-,-,-,-,-,-,-,-,10000,10,MAX,16,ロック
53283225,95,ホローポイント弾,★★★★★,16Labホローポイント弾,201633581,M1895 Mod,15.0000,-,-,-,-,-,-,-7.0000,-,-,-,-,-,-,10000,10,MAX,0,ロック
53283328,122,専用装備,★★★★★,コルトSAAロングバレル,22700576,コルトSAA Mod,3,-,10,-,-,20%,-,-,-,-,-,-,-,-,30000,10,MAX,6,ロック
53330182,16,暗視装備,★★★★★,PEQ-16A,-,-,-,-,-,-,-,-,-,-,-,-,-,-,93.0646%,-,0,0,,0,ロック
53356223,66,サイレンサー,★★★★★,AC4サイレンサー,-,-,-,-,10,-,-,20%,-,-,-,-,-,-,-,-,10000,10,MAX,6,ロック
53399079,16,暗視装備,★★★★★,PEQ-16A,-,-,-,-,-,-,-,-,-,-,-,-,-,-,100%,-,0,0,MAX,11,ロック
53499800,110,高速弾,★★★★★,16Lab高速弾,307589334,SIG MCX,20.0000,-,-,-,-,-,-,-,-,-,-,-,-,-,10000,10,MAX,0,ロック
53813714,66,サイレンサー,★★★★★,AC4サイレンサー,-,-,-,-,8.5,-,-,20%,-,-,-,-,-,-,-,-,10000,10,,5,ロック
54188088,16,暗視装備,★★★★★,PEQ-16A,-,-,-,-,-,-,-,-,-,-,-,-,-,-,100%,-,0,0,MAX,8,ロック
54211863,16,暗視装備,★★★★★,PEQ-16A,-,-,-,-,-,-,-,-,-,-,-,-,-,-,93.9322%,-,0,0,,0,ロック
54212933,125,専用装備,★★★★★,追加演算モジュール,55547193,UMP45 Mod,-,-,10,-,-,18%,-,-,-,-,-,-,-,-,1,0,MAX,12,ロック
54275780,133,専用装備,★★★★★,APS専用銃床,190410426,スチェッキン Mod,-,4,10,-,-,20%,-,-,-,-,-,-,-,-,30000,10,MAX,26,ロック
54697069,90,カモフラージュマント,★★★★★,熱光学迷彩マント,-,-,-,-,-,-3.0000,-,-,25%,-,-,-,-,-,-,-,10000,10,MAX,3,ロック
54937240,129,専用装備,★★★★★,M2二脚,11502686,M14 Mod,-,10,-,-,-,48%,-,-,-,-,-,-,-,-,30000,10,MAX,16,ロック
55015107,76,バックショット,★★★★★,#000バックショット,-,-,8.02,-,-,-,-,-,12.3565%,-,-,-,-,-,-,-,0,0,,0,ロック
55025040,72,ホローポイント弾,★★★★★,ILMホローポイント弾,-,-,7.8226,-,-,-,-,-,-,-9.8263,-,-,-,-,-,-,0,0,,0,ロック
55025061,76,バックショット,★★★★★,#000バックショット,-,-,13.3335,-,-,-,-,-,22%,-,-,-,-,-,-,-,10000,10,,10,ロック
55098091,16,暗視装備,★★★★★,PEQ-16A,-,-,-,-,-,-,-,-,-,-,-,-,-,-,100%,-,0,0,MAX,6,ロック
55109000,76,バックショット,★★★★★,#000バックショット,-,-,7.9735,-,-,-,-,-,11.9335%,-,-,-,-,-,-,-,0,0,,0,ロック
55117034,20,徹甲弾,★★★★★,Mk211徹甲榴弾,-,-,-,-,-,-,-,-,-,180,-,-,-,-,-,-,10000,10,MAX,15,ロック
55150005,16,暗視装備,★★★★★,PEQ-16A,-,-,-,-,-,-,-,-,-,-,-,-,-,-,100%,-,0,0,MAX,7,ロック
55166945,20,徹甲弾,★★★★★,Mk211徹甲榴弾,-,-,-,-,-,-,-,-,-,180,-,-,-,-,-,-,10000,10,MAX,18,ロック
55240645,76,バックショット,★★★★★,#000バックショット,-,-,15,-,-,-,-,-,22%,-,-,-,-,-,-,-,10000,10,MAX,21,ロック
55252700,72,ホローポイント弾,★★★★★,ILMホローポイント弾,-,-,7.2754,-,-,-,-,-,-,-9.2797,-,-,-,-,-,-,0,0,,0,ロック
55266697,20,徹甲弾,★★★★★,Mk211徹甲榴弾,-,-,-,-,-,-,-,-,-,180,-,-,-,-,-,-,10000,10,MAX,8,ロック
55266699,20,徹甲弾,★★★★★,Mk211徹甲榴弾,-,-,-,-,-,-,-,-,-,180,-,-,-,-,-,-,10000,10,MAX,26,ロック
55320236,68,アサルトパック,★★★★★,IOP多弾倉アサルトパック改,287844766,Kord,-,-,-2,-,-,-,-,-,-,-,-,-,-,5,10000,10,MAX,6,ロック
55351163,90,カモフラージュマント,★★★★★,熱光学迷彩マント,318249793,HS.50,-,-,-,-3.000,-,-,25%,-,-,-,-,-,-,-,10000,10,MAX,9,ロック
55377446,40,T外骨格,★★★★★,IOP T4外骨格,-,-,-7.978,-,21.4040,-,-,-,-,-,-,-,-,-,-,-,0,0,,0,ロック
55495778,90,カモフラージュマント,★★★★★,熱光学迷彩マント,-,-,-,-,-,-3.0000,-,-,15%,-,-,-,-,-,-,-,0,0,MAX,4,ロック
56023617,161,専用装備,★★★★★,新型個人携行照準装置,-,-,3,-,-,-,-,24%,-,-,-,-,-,-,-,-,1,0,MAX,16,ロック
56101201,132,専用装備,★★★★★,MG4用MGO,299725815,Gr MG4 Mod,-,36.0000,-,-,-1.0000,35.0000%,-,-,-,-,-,-,-,-,30000,10,MAX,0,ロック
56139268,40,T外骨格,★★★★★,IOP T4外骨格,-,-,-6,-,35,-,-,-,-,-,-,-,-,-,-,-,10000,10,MAX,16,ロック
56210797,130,専用装備,★★★★★,G36ハイブリッドサイト,-,-,-,8,-,-,-,48%,-,-,-,-,-,-,-,-,30000,10,MAX,15,ロック
56277424,20,徹甲弾,★★★★★,Mk211徹甲榴弾,-,-,-,-,-,-,-,-,-,117.6830,-,-,-,-,-,-,0,0,,0,ロック
56334897,164,専用装備,★★★★★,M9 BC2グリップ,209428603,M9,-,3.0000,10.2684,-,-,13.1256%,-,-,-,-,-,-,-,-,1,0,,0,ロック
56714734,131,専用装備,★★★★★,MGO 6X48,198091643,LWMMG Mod,2.0000,34,-,-,-,30%,-,-,-,-,-,-,-,-,30000,10,MAX,6,ロック
56919709,204,専用装備,★★★★★,416's go bag,282368067,エージェント416,-,-,20.0000,-,-,-,-,-,-,-,-,-,-,-,10000,10,MAX,0,ロック
56921848,199,専用装備,★★★★★,Osprey45サイレンサー,281724607,エージェントVector,-,-,10.000,-,-,20.0000%,-,-,-,-,-,-,-,-,10000,10,MAX,0,ロック
56922196,202,専用装備,★★★★★,Acog-(4X),282368067,エージェント416,-,-,-,-,-,48.0000%,-,-,-,-,-,-,-,-,10000,10,MAX,0,ロック
56930465,16,暗視装備,★★★★★,PEQ-16A,-,-,-,-,-,-,-,-,-,-,-,-,-,-,100%,-,0,0,MAX,2,ロック
56938780,201,専用装備,★★★★★,go bag 「V」,281724607,エージェントVector,-6.0000,-,35.0000,-,-,-,-,-,-,-,-,-,-,-,10000,10,MAX,0,ロック
56951541,203,専用装備,★★★★★,556高速弾(爆破),282368067,エージェント416,20.0000,-,-,-,-,-,-,-,-,-,-,-,-,-,10000,10,MAX,0,ロック
56951544,200,専用装備,★★★★★,.45ホローポイント弾(燃焼),281724607,エージェントVector,15.0000,-,-,-,-,-,-,-7.000,-,-,-,-,-,-,10000,10,MAX,0,ロック
56962760,66,サイレンサー,★★★★★,AC4サイレンサー,-,-,-,-,6.9442,-,-,13.0563%,-,-,-,-,-,-,-,-,0,0,,0,ロック
57073152,76,バックショット,★★★★★,#000バックショット,-,-,15,-,-,-,-,-,22%,-,-,-,-,-,-,-,10000,10,MAX,12,ロック
57102402,122,専用装備,★★★★★,コルトSAAロングバレル,124014501,コルトSAA Mod,3,-,10,-,-,20%,-,-,-,-,-,-,-,-,30000,10,MAX,15,ロック
57182242,40,T外骨格,★★★★★,IOP T4外骨格,-,-,-6,-,35,-,-,-,-,-,-,-,-,-,-,-,10000,10,MAX,12,ロック
57605200,66,サイレンサー,★★★★★,AC4サイレンサー,-,-,-,-,10,-,-,20%,-,-,-,-,-,-,-,-,10000,10,MAX,16,ロック
57948579,16,暗視装備,★★★★★,PEQ-16A,-,-,-,-,-,-,-,-,-,-,-,-,-,-,100%,-,0,0,MAX,6,ロック
57991245,72,ホローポイント弾,★★★★★,ILMホローポイント弾,325227248,コリブリ,15,-,-,-,-,-,-,-7,-,-,-,-,-,-,10000,10,MAX,6,ロック
58068657,72,ホローポイント弾,★★★★★,ILMホローポイント弾,226590422,エル・クレア,15,-,-,-,-,-,-,-7,-,-,-,-,-,-,10000,10,MAX,6,ロック
58368453,72,ホローポイント弾,★★★★★,ILMホローポイント弾,-,-,10,-,-,-,-,-,-,-7,-,-,-,-,-,-,0,0,MAX,16,ロック
58453351,40,T外骨格,★★★★★,IOP T4外骨格,226590422,エル・クレア,-6,-,35,-,-,-,-,-,-,-,-,-,-,-,10000,10,MAX,16,ロック
58463480,159,専用装備,★★★★★,戦術カチューシャ,34909530,416 Mod,25,-,20,-,-,-,10%,-,-,-,-,-,-,-,30000,10,MAX,6,ロック
58522989,157,専用装備,★★★★★,LEDウェポンライト,23159817,Gr MP5 Mod,5.5764,7.1260,10,-,-,-,-,-,-,-,-,-,-,-,1,0,,0,ロック
58522990,158,専用装備,★★★★★,加速コイル,280237192,漢陽88式 Mod,5,-,-,-,-,50%,-,-,-,-,-,-,-,-,30000,10,MAX,16,ロック
58551750,158,専用装備,★★★★★,加速コイル,194548203,漢陽88式 Mod,5,-,-,-,-,50%,-,-,-,-,-,-,-,-,30000,10,MAX,16,ロック
58631819,72,ホローポイント弾,★★★★★,ILMホローポイント弾,297806776,Vector,15,-,-,-,-,-,-,-7,-,-,-,-,-,-,10000,10,MAX,16,ロック
58643881,32,高速弾,★★★★★,APCR高速弾,-,-,20,-,-,-,-,-,-,-,-,-,-,-,-,-,10000,10,MAX,14,ロック
58688358,72,ホローポイント弾,★★★★★,ILMホローポイント弾,-,-,12.2515,-,-,-,-,-,-,-8.0827,-,-,-,-,-,-,10000,10,,0,ロック
59125771,160,専用装備,★★★★★,No32 MKI,-,-,-,-,-,-,4.0000,48.0000%,-,-,-,-,-,-,-,-,30000,10,MAX,0,ロック
59172594,62,専用装備,★★★★★,GSG UX外骨格,297452769,Gr MP5 Mod,-6,-,58,-,-,-,-,-,-,-,-,-,-,-,30000,10,MAX,24,ロック
59613953,76,バックショット,★★★★★,#000バックショット,-,-,15,-,-,-,-,-,22%,-,-,-,-,-,-,-,10000,10,MAX,16,ロック
59728783,66,サイレンサー,★★★★★,AC4サイレンサー,-,-,-,-,6.6942,-,-,13.1283%,-,-,-,-,-,-,-,-,1,0,,0,ロック
59838142,80,スラッグ弾,★★★★★,SABOTスラッグ弾,-,-,-,20,-,-,-,-,-,-,-,-,-,-,-,-,10000,10,MAX,6,ロック
60242068,121,T外骨格,★★★★★,16LabT4外骨格,-,-,-6.0000,-,25.0000,-,-,-,-,-,-,-,-,-,-,-,1,0,MAX,0,ロック
60293946,120,ドットサイト,★★★★★,16LabMARS,-,-,-,30.0000,-,-,-1.0000,-,-,-,-,-,-,-,-,-,10000,10,MAX,0,ロック
60319565,68,アサルトパック,★★★★★,IOP多弾倉アサルトパック改,308067599,RPK-203,-,-,-2,-,-,-,-,-,-,-,-,-,-,5,10000,10,MAX,5,ロック
60411952,94,専用装備,★★★★★,専用戦術メモリ,299727991,Ameli,8,-3,-,-,-,-,-,-,-,-,-,-,-,6,30000,10,MAX,6,ロック
60605851,72,ホローポイント弾,★★★★★,ILMホローポイント弾,-,-,9.9403,-,-,-,-,-,-,-9.949,-,-,-,-,-,-,0,0,,0,ロック
60626632,76,バックショット,★★★★★,#000バックショット,-,-,15,-,-,-,-,-,22%,-,-,-,-,-,-,-,10000,10,MAX,6,ロック
60810029,16,暗視装備,★★★★★,PEQ-16A,-,-,-,-,-,-,-,-,-,-,-,-,-,-,100%,-,1,0,MAX,12,ロック
60838488,66,サイレンサー,★★★★★,AC4サイレンサー,125628851,ウェルロッドMkⅡ Mod,-,-,10,-,-,20%,-,-,-,-,-,-,-,-,10000,10,MAX,6,ロック
61034741,20,徹甲弾,★★★★★,Mk211徹甲榴弾,-,-,-,-,-,-,-,-,-,113.6190,-,-,-,-,-,-,0,0,,0,ロック
61064478,72,ホローポイント弾,★★★★★,ILMホローポイント弾,-,-,12.9540,-,-,-,-,-,-,-8.5594,-,-,-,-,-,-,10000,10,,0,ロック
61126015,72,ホローポイント弾,★★★★★,ILMホローポイント弾,287751707,デザートイーグル,15,-,-,-,-,-,-,-7,-,-,-,-,-,-,10000,10,MAX,6,ロック
61392846,16,暗視装備,★★★★★,PEQ-16A,-,-,-,-,-,-,-,-,-,-,-,-,-,-,92.6272%,-,0,0,,0,ロック
61400103,128,専用装備,★★★★★,ステン専用サイレンサー,10628365,ステンMK-II Mod,-,-,9.1436,-,-,13.0455%,-,-,-,-,-,-,-,-,401,0,,0,ロック
61408134,16,暗視装備,★★★★★,PEQ-16A,-,-,-,-,-,-,-,-,-,-,-,-,-,-,100%,-,0,0,MAX,8,ロック
61682340,66,サイレンサー,★★★★★,AC4サイレンサー,-,-,-,-,6.8148,-,-,13.9302%,-,-,-,-,-,-,-,-,0,0,,0,ロック
61704442,247,専用装備,★★★★★,油圧式銃床,-,-,-,-,-,-,-,21.3570%,9.3796%,-,-,-,-,-,-,-,1,0,,0,ロック
61742004,90,カモフラージュマント,★★★★★,熱光学迷彩マント,-,-,-,-,-,-3.0000,-,-,25%,-,-,-,-,-,-,-,10000,10,MAX,7,ロック
61743685,66,サイレンサー,★★★★★,AC4サイレンサー,-,-,-,-,6.890,-,-,12.8487%,-,-,-,-,-,-,-,-,1,0,,0,ロック
61840285,157,専用装備,★★★★★,LEDウェポンライト,-,-,5.842,8.2556,10,-,-,-,-,-,-,-,-,-,-,-,1,0,,0,ロック
61928438,170,専用装備,★★★★★,20mm HEI,31741914,NTW-20 Mod,10,-,-,-,-,-,-,180,-,-,-,-,-,-,30000,10,MAX,16,ロック
62072372,16,暗視装備,★★★★★,PEQ-16A,-,-,-,-,-,-,-,-,-,-,-,-,-,-,100%,-,0,0,MAX,6,ロック
62098238,44,防弾ベスト,★★★★★,Type3防弾ベスト,-,-,-,-,-2,-,-,-,-,-,11,-,-,-,-,-,10000,10,MAX,6,ロック
62142027,157,専用装備,★★★★★,LEDウェポンライト,297452771,Gr MP5 Mod,10,15,15,-,-,-,-,-,-,-,-,-,-,-,30000,10,MAX,6,ロック
62195630,16,暗視装備,★★★★★,PEQ-16A,-,-,-,-,-,-,-,-,-,-,-,-,-,-,100%,-,0,0,MAX,12,ロック
62232836,171,専用装備,★★★★★,戦術アホ毛(稲妻),190410426,スチェッキン Mod,-,-,20,-,-,20%,-,-,-,-,-,-,-,-,30000,10,MAX,14,ロック
62301425,90,カモフラージュマント,★★★★★,熱光学迷彩マント,-,-,-,-,-,-3.0000,-,-,12.5088%,-,-,-,-,-,-,-,0,0,,0,ロック
62473452,90,カモフラージュマント,★★★★★,熱光学迷彩マント,31741914,NTW-20 Mod,-,-,-,-3.0000,-,-,25%,-,-,-,-,-,-,-,10000,10,MAX,4,ロック
62514703,156,専用装備,★★★★★,AMP COMPSP,185696627,UMP9 Mod,10,15,15,-,-,-,-,-,-,-,-,-,-,-,30000,10,MAX,16,ロック
62606346,16,暗視装備,★★★★★,PEQ-16A,-,-,-,-,-,-,-,-,-,-,-,-,-,-,100%,-,1,0,MAX,10,ロック
62766635,133,専用装備,★★★★★,APS専用銃床,104935378,スチェッキン Mod,-,4,10,-,-,20%,-,-,-,-,-,-,-,-,30000,10,MAX,16,ロック
62889036,95,ホローポイント弾,★★★★★,16Labホローポイント弾,-,-,10.0000,-,-,-,-,-,-,-7.000,-,-,-,-,-,-,1,0,MAX,0,ロック
62956714,110,高速弾,★★★★★,16Lab高速弾,-,-,20.0000,-,-,-,-,-,-,-,-,-,-,-,-,-,10000,10,MAX,0,ロック
62989046,76,バックショット,★★★★★,#000バックショット,-,-,15,-,-,-,-,-,22%,-,-,-,-,-,-,-,10000,10,MAX,16,ロック
63101814,174,専用装備,★★★★★,Frag12榴弾,184480197,AA-12,15.0000,20.0000,-,-,-,-,-,-,-,-,-,-,-,-,30000,10,MAX,0,ロック
63179893,66,サイレンサー,★★★★★,AC4サイレンサー,-,-,-,-,6.8668,-,-,12.672%,-,-,-,-,-,-,-,-,1,0,,0,ロック
63257171,198,専用装備,★★★★★,木製グリップ,-,-,-,-,7.0528,-,-,17.9928%,-,-,-,-,-,-,-,-,1,0,,0,ロック
63269809,221,専用装備,★★★★★,レールガンバレット,302026114,漢陽88式 Mod,5,-,-,-,-,-,-,180,-,-,-,-,-,-,30000,10,MAX,6,ロック
63269815,221,専用装備,★★★★★,レールガンバレット,280237192,漢陽88式 Mod,5,-,-,-,-,-,-,180,-,-,-,-,-,-,30000,10,MAX,13,ロック
63269827,221,専用装備,★★★★★,レールガンバレット,194548203,漢陽88式 Mod,5,-,-,-,-,-,-,180,-,-,-,-,-,-,30000,10,MAX,16,ロック
63342577,72,ホローポイント弾,★★★★★,ILMホローポイント弾,-,-,8.4427,-,-,-,-,-,-,-9.3538,-,-,-,-,-,-,1,0,,0,ロック
63361074,66,サイレンサー,★★★★★,AC4サイレンサー,-,-,-,-,7.2108,-,-,13.0707%,-,-,-,-,-,-,-,-,0,0,,0,ロック
63400916,8,ホロサイト,★★★★★,EOT 518,-,-,4.5430,8.0316,-,-,-5.4642,-,-,-,-,-,-,-,-,-,0,0,,0,ロック
63415332,66,サイレンサー,★★★★★,AC4サイレンサー,-,-,-,-,8.053,-,-,16.1220%,-,-,-,-,-,-,-,-,10000,10,,0,ロック
63417806,177,専用装備,★★★★★,MGPアップグレードキット,198105079,M500 Mod,-,30,-,-,-1,-,24%,-,-,-,-,-,-,-,30000,10,MAX,16,ロック
63543058,117,専用装備,★★★★★,Glory Light,-,-,-,-,-,-,-,-,-,-,-,-,-,-,100.0000%,-,1,0,MAX,0,ロック
63602059,80,スラッグ弾,★★★★★,SABOTスラッグ弾,-,-,-,20,-,-,-,-,-,-,-,-,-,-,-,-,10000,10,MAX,6,ロック
63607635,12,ドットサイト,★★★★★,ITI MARS,-,-,-,11.988,-,-,-2.8189,-,-,-,-,-,-,-,-,-,0,0,,0,ロック
63628027,178,専用装備,★★★★★,12.7mm 1SL,299527802,KSVK Mod,10,-,-,-,-,-,-,180,-,-,-,-,-,-,30000,10,MAX,16,ロック
63654834,118,専用装備,★★★★★,BlackCat,226732213,エル・フェイル,-,-,-,-,-,-,-,-,-,-,-,-,100.0000%,-,1,0,MAX,0,ロック
63685479,176,専用装備,★★★★★,7n31,210868327,GSh-18 Mod,15,-,-,-,3,-,-,35,-,-,-,-,-,-,30000,10,MAX,14,ロック
63711687,12,ドットサイト,★★★★★,ITI MARS,-,-,-,11.6780,-,-,-3.1231,-,-,-,-,-,-,-,-,-,0,0,,0,ロック
63936301,72,ホローポイント弾,★★★★★,ILMホローポイント弾,-,-,7.6756,-,-,-,-,-,-,-9.1306,-,-,-,-,-,-,0,0,,0,ロック
63961452,40,T外骨格,★★★★★,IOP T4外骨格,-,-,-7.3916,-,22.3905,-,-,-,-,-,-,-,-,-,-,-,0,0,,0,ロック
64003590,169,専用装備,★★★★★,RFB専用フロントレール,-,-,-,-,-,-,-,20.2193%,7.2892%,-,-,-,-,-,-,-,1,0,,0,ロック
64028388,32,高速弾,★★★★★,APCR高速弾,-,-,20,-,-,-,-,-,-,-,-,-,-,-,-,-,10000,10,MAX,3,ロック
64055141,12,ドットサイト,★★★★★,ITI MARS,-,-,-,11.6624,-,-,-2.2948,-,-,-,-,-,-,-,-,-,0,0,,0,ロック
64068434,12,ドットサイト,★★★★★,ITI MARS,-,-,-,11.768,-,-,-2.5537,-,-,-,-,-,-,-,-,-,0,0,,0,ロック
64091077,12,ドットサイト,★★★★★,ITI MARS,-,-,-,30,-,-,-1,-,-,-,-,-,-,-,-,-,10000,10,MAX,6,ロック
64282316,72,ホローポイント弾,★★★★★,ILMホローポイント弾,-,-,8.2723,-,-,-,-,-,-,-8.0899,-,-,-,-,-,-,1,0,,0,ロック
64294023,254,専用装備,★★★★★,夢のドーナツ,309005951,ぺこら,-,-,-,-3.0000,-,-,45%,-,-,-,-,-,-,-,30000,10,MAX,7,ロック
64333108,255,専用装備,★★★★★,紙袋のヘルメット,309048856,メデューサ,18,-,-,-,25,-,-50.0000%,-,-,-,-,-,-,-,30000,10,MAX,6,ロック
64363594,253,専用装備,★★★★★,奇跡のカレーおたま,-,-,4.2608,-,22.6945,-,-,-,-,-,-,-,-,-,-,-,1,0,,0,ロック
64431869,252,専用装備,★★★★★,魔導書下巻,309261020,花園ゆりね,10,5,-,-,-,50%,-,-,-,-,-,-,-,-,30000,10,MAX,26,ロック
64452315,72,ホローポイント弾,★★★★★,ILMホローポイント弾,-,-,8.0935,-,-,-,-,-,-,-8.6224,-,-,-,-,-,-,0,0,,0,ロック
64456142,251,専用装備,★★★★★,揺れる魔の鐘,309017508,ミノス,-,36,5,-,-,-,-,-,-,-,-,-,-,-,30000,10,MAX,6,ロック
64544082,266,専用装備,★★★★★,ImpulsIIA/C,205579259,Px4 ストーム,-,-,25,-,-,20%,-,-,-,-,-,-,-,-,30000,10,MAX,6,ロック
64606578,66,サイレンサー,★★★★★,AC4サイレンサー,-,-,-,-,10,-,-,20%,-,-,-,-,-,-,-,-,10000,10,MAX,16,ロック
64624321,40,T外骨格,★★★★★,IOP T4外骨格,-,-,-7.5384,-,23.0785,-,-,-,-,-,-,-,-,-,-,-,0,0,,0,ロック
64722104,72,ホローポイント弾,★★★★★,ILMホローポイント弾,-,-,7.9,-,-,-,-,-,-,-9.094,-,-,-,-,-,-,0,0,,0,ロック
64949762,190,専用装備,★★★★★,G-box,58761833,Gr G11 Mod,20,10,-,-,-,-,25%,-,-,-,-,-,-,-,30000,10,MAX,16,ロック
64949763,192,専用装備,★★★★★,お気にのキーホルダー,105977643,RO635 Mod,-6,-,45,-,-,-,-,-,-,-,-,-,-,-,30000,10,MAX,3,ロック
64992306,72,ホローポイント弾,★★★★★,ILMホローポイント弾,-,-,7.7683,-,-,-,-,-,-,-8.8414,-,-,-,-,-,-,0,0,,0,ロック
65013409,72,ホローポイント弾,★★★★★,ILMホローポイント弾,-,-,13.3335,-,-,-,-,-,-,-7,-,-,-,-,-,-,10000,10,,5,ロック
65059937,62,専用装備,★★★★★,GSG UX外骨格,301969087,Gr MP5 Mod,-6,-,58,-,-,-,-,-,-,-,-,-,-,-,30000,10,MAX,6,ロック
65154087,32,高速弾,★★★★★,APCR高速弾,-,-,20,-,-,-,-,-,-,-,-,-,-,-,-,-,10000,10,MAX,4,ロック
65244578,157,専用装備,★★★★★,LEDウェポンライト,301969087,Gr MP5 Mod,10,15,15,-,-,-,-,-,-,-,-,-,-,-,30000,10,MAX,6,ロック
65254439,178,専用装備,★★★★★,12.7mm 1SL,273491812,KSVK Mod,10,-,-,-,-,-,-,180,-,-,-,-,-,-,30000,10,MAX,18,ロック
65340731,20,徹甲弾,★★★★★,Mk211徹甲榴弾,-,-,-,-,-,-,-,-,-,113.5330,-,-,-,-,-,-,0,0,,0,ロック
65397720,72,ホローポイント弾,★★★★★,ILMホローポイント弾,-,-,7.1269,-,-,-,-,-,-,-8.7967,-,-,-,-,-,-,0,0,,0,ロック
65556595,66,サイレンサー,★★★★★,AC4サイレンサー,-,-,-,-,7.6699,-,-,17.0088%,-,-,-,-,-,-,-,-,10000,10,,0,ロック
65665356,197,専用装備,★★★★★,MK31多機能骨格,22817393,スオミ,-6.0000,-,47.0000,-,-,-,-,-,-,-,-,-,-,-,30000,10,MAX,0,ロック
65676529,234,チップ,★★★★★,#2プロセッサ,297806781,Vector,15,-,-,-,25,-,-50.0000%,-,-,-,-,-,-,-,10000,10,MAX,6,ロック
65679936,234,チップ,★★★★★,#2プロセッサ,-,-,15,-,-,-,25,-,-50.0000%,-,-,-,-,-,-,-,10000,10,MAX,16,ロック
65679938,234,チップ,★★★★★,#2プロセッサ,297806776,Vector,15,-,-,-,25,-,-50.0000%,-,-,-,-,-,-,-,10000,10,MAX,16,ロック
65718827,229,特殊貫通弾,★★★★★,Mk1000SLAP,-,-,-,-,-,-,-5.0000,-,-,500,-,-,-,-,-,-,10000,10,MAX,3,ロック
65718830,66,サイレンサー,★★★★★,AC4サイレンサー,-,-,-,-,10,-,-,18.6668%,-,-,-,-,-,-,-,-,10000,10,,4,ロック
65725771,234,チップ,★★★★★,#2プロセッサ,-,-,15,-,-,-,25,-,-50.000%,-,-,-,-,-,-,-,10000,10,MAX,10,ロック
65734252,234,チップ,★★★★★,#2プロセッサ,-,-,15,-,-,-,25,-,-50.000%,-,-,-,-,-,-,-,10000,10,MAX,6,ロック
65737594,229,特殊貫通弾,★★★★★,Mk1000SLAP,-,-,-,-,-,-,-5.0000,-,-,500,-,-,-,-,-,-,10000,10,MAX,26,ロック
65742222,224,レッドサイト,★★★★★,RMR T4レッドサイト,-,-,-,20,-,-,-,30%,-,-,-,-,-,-,-,-,10000,10,MAX,6,ロック
65774939,227,狙撃弾,★★★★★,M1022狙撃弾,-,-,6.7010,-,-,-,-,-,-,73.6990,-,-,-,-,-,-,0,0,,0,ロック
65778832,227,狙撃弾,★★★★★,M1022狙撃弾,308067599,RPK-203,10,-,-,-,-,-,-,120,-,-,-,-,-,-,10000,10,MAX,16,ロック
65778833,227,狙撃弾,★★★★★,M1022狙撃弾,-,-,6.6082,-,-,-,-,-,-,70.5060,-,-,-,-,-,-,0,0,,0,ロック
65784165,234,チップ,★★★★★,#2プロセッサ,-,-,15,-,-,-,25,-,-50.0000%,-,-,-,-,-,-,-,10000,10,MAX,6,ロック
65785270,224,レッドサイト,★★★★★,RMR T4レッドサイト,325227248,コリブリ,-,20,-,-,-,30%,-,-,-,-,-,-,-,-,10000,10,MAX,6,ロック
65798496,227,狙撃弾,★★★★★,M1022狙撃弾,-,-,6.1430,-,-,-,-,-,-,73.1130,-,-,-,-,-,-,0,0,,0,ロック
65815094,234,チップ,★★★★★,#2プロセッサ,-,-,15,-,-,-,25,-,-50.000%,-,-,-,-,-,-,-,10000,10,MAX,16,ロック
65823087,225,信号弾,★★★★★,信号弾,-,-,-,-,-,-,-1,-,-,-,-,-,-,-,-,-,0,0,MAX,4,ロック
65827351,80,スラッグ弾,★★★★★,SABOTスラッグ弾,-,-,-,9.756,-,-,-,-,-,-,-,-,-,-,-,-,0,0,,0,ロック
65832860,224,レッドサイト,★★★★★,RMR T4レッドサイト,-,-,-,20,-,-,-,30%,-,-,-,-,-,-,-,-,10000,10,MAX,6,ロック
65842796,234,チップ,★★★★★,#2プロセッサ,-,-,15,-,-,-,25,-,-50.0000%,-,-,-,-,-,-,-,10000,10,MAX,6,ロック
65844170,224,レッドサイト,★★★★★,RMR T4レッドサイト,-,-,-,20,-,-,-,30%,-,-,-,-,-,-,-,-,10000,10,MAX,6,ロック
65845151,231,バードショット,★★★★★,#7.5バードショット,-,-,-,-,-,-,12,-,-10%,-,-,-,-,-,-,-,10000,10,MAX,16,ロック
65849103,229,特殊貫通弾,★★★★★,Mk1000SLAP,-,-,-,-,-,-,-5.0000,-,-,500,-,-,-,-,-,-,10000,10,MAX,10,ロック
65885096,234,チップ,★★★★★,#2プロセッサ,-,-,15,-,-,-,25,-,-50.0000%,-,-,-,-,-,-,-,10000,10,MAX,6,ロック
65902870,229,特殊貫通弾,★★★★★,Mk1000SLAP,-,-,-,-,-,-,-5.0000,-,-,500,-,-,-,-,-,-,10000,10,MAX,13,ロック
65929791,234,チップ,★★★★★,#2プロセッサ,-,-,15,-,-,-,25,-,-50.000%,-,-,-,-,-,-,-,10000,10,MAX,6,ロック
65956289,234,チップ,★★★★★,#2プロセッサ,-,-,15,-,-,-,25,-,-50.0000%,-,-,-,-,-,-,-,10000,10,MAX,16,ロック
65977274,234,チップ,★★★★★,#2プロセッサ,-,-,15,-,-,-,25,-,-50.000%,-,-,-,-,-,-,-,10000,10,MAX,16,ロック
65999409,234,チップ,★★★★★,#2プロセッサ,-,-,15,-,-,-,25,-,-50.0000%,-,-,-,-,-,-,-,10000,10,MAX,6,ロック
65999412,234,チップ,★★★★★,#2プロセッサ,307589334,SIG MCX,15,-,-,-,25,-,-50.0000%,-,-,-,-,-,-,-,10000,10,MAX,6,ロック
65999415,229,特殊貫通弾,★★★★★,Mk1000SLAP,-,-,-,-,-,-,-5.0000,-,-,500,-,-,-,-,-,-,10000,10,MAX,16,ロック
66132062,229,特殊貫通弾,★★★★★,Mk1000SLAP,-,-,-,-,-,-,-5.00,-,-,500,-,-,-,-,-,-,10000,10,MAX,10,ロック
66132065,229,特殊貫通弾,★★★★★,Mk1000SLAP,-,-,-,-,-,-,-5.0000,-,-,500,-,-,-,-,-,-,10000,10,MAX,7,ロック
66166229,234,チップ,★★★★★,#2プロセッサ,-,-,15,-,-,-,25,-,-50.0000%,-,-,-,-,-,-,-,10000,10,MAX,16,ロック
66228053,234,チップ,★★★★★,#2プロセッサ,214481937,AN-94,15,-,-,-,25,-,-50.0000%,-,-,-,-,-,-,-,10000,10,MAX,6,ロック
66230078,135,専用装備,★★★★★,SP6サブソニック弾,196244095,AS Val Mod,24,-,-,-,-,-,-,-,-,-,-,-,-,-,30000,10,MAX,6,ロック
66276245,32,高速弾,★★★★★,APCR高速弾,-,-,20,-,-,-,-,-,-,-,-,-,-,-,-,-,10000,10,MAX,6,ロック
66418574,224,レッドサイト,★★★★★,RMR T4レッドサイト,-,-,-,20,-,-,-,30%,-,-,-,-,-,-,-,-,10000,10,MAX,6,ロック
66421248,227,狙撃弾,★★★★★,M1022狙撃弾,114247677,PKP,8.5489,-,-,-,-,-,-,111.3795,-,-,-,-,-,-,10000,10,,0,ロック
66582304,76,バックショット,★★★★★,#000バックショット,-,-,7.3516,-,-,-,-,-,11.5190%,-,-,-,-,-,-,-,0,0,,0,ロック
66582310,76,バックショット,★★★★★,#000バックショット,-,-,8.8345,-,-,-,-,-,13.2460%,-,-,-,-,-,-,-,0,0,,0,ロック
66631711,235,フラッシュ弾,★★★★★,散弾用閃光弾,-,-,-,20,-,-,-,-,-,-,-,-,-,-,-,-,10000,10,MAX,6,ロック
66640508,137,専用装備,★★★★★,アデルハイド,184949804,ジル・スティングレイ,-,-,15.0000,-,-,-,-,-,-,-,-,-,-,-,1,0,MAX,0,ロック
66640509,138,専用装備,★★★★★,フラナガイド,319458276,ジル・スティングレイ,-,-,15.0000,-,-,-,-,-,-,-,-,-,-,-,1,0,MAX,0,ロック
66640510,139,専用装備,★★★★★,アデルハイド,319458276,ジル・スティングレイ,-,-,15.0000,-,-,-,-,-,-,-,-,-,-,-,1,0,MAX,0,ロック
66640511,140,専用装備,★★★★★,ブロンソンエキス,-,-,-,-,15.0000,-,-,-,-,-,-,-,-,-,-,-,1,0,MAX,0,ロック
66640512,141,専用装備,★★★★★,デルタパウダー,184949804,ジル・スティングレイ,-,-,15.0000,-,-,-,-,-,-,-,-,-,-,-,1,0,MAX,0,ロック
66640513,142,専用装備,★★★★★,カルモトリン,-,-,-,-,15.0000,-,-,-,-,-,-,-,-,-,-,-,1,0,MAX,0,ロック
66640514,143,専用装備,★★★★★,カルモトリン,184949804,ジル・スティングレイ,-,-,15.0000,-,-,-,-,-,-,-,-,-,-,-,1,0,MAX,0,ロック
66640515,144,専用装備,★★★★★,カルモトリン,-,-,-,-,15.0000,-,-,-,-,-,-,-,-,-,-,-,1,0,MAX,0,ロック
66684852,235,フラッシュ弾,★★★★★,散弾用閃光弾,-,-,-,20,-,-,-,-,-,-,-,-,-,-,-,-,10000,10,MAX,4,ロック
66690267,32,高速弾,★★★★★,APCR高速弾,-,-,20,-,-,-,-,-,-,-,-,-,-,-,-,-,10000,10,MAX,1,ロック
66703031,227,狙撃弾,★★★★★,M1022狙撃弾,287844766,Kord,8.1121,-,-,-,-,-,-,105.3810,-,-,-,-,-,-,10000,10,,0,ロック
66714382,235,フラッシュ弾,★★★★★,散弾用閃光弾,-,-,-,20,-,-,-,-,-,-,-,-,-,-,-,-,10000,10,MAX,6,ロック
66881488,227,狙撃弾,★★★★★,M1022狙撃弾,334535012,MG338,10,-,-,-,-,-,-,120,-,-,-,-,-,-,10000,10,MAX,16,ロック
67022583,229,特殊貫通弾,★★★★★,Mk1000SLAP,-,-,-,-,-,-,-5.0000,-,-,500,-,-,-,-,-,-,10000,10,MAX,13,ロック
67062974,72,ホローポイント弾,★★★★★,ILMホローポイント弾,-,-,8.2075,-,-,-,-,-,-,-9.2869,-,-,-,-,-,-,0,0,,0,ロック
67070915,229,特殊貫通弾,★★★★★,Mk1000SLAP,-,-,-,-,-,-,-5.0000,-,-,242.9370,-,-,-,-,-,-,0,0,,0,ロック
67090154,229,特殊貫通弾,★★★★★,Mk1000SLAP,-,-,-,-,-,-,-5.0000,-,-,500,-,-,-,-,-,-,10000,10,MAX,19,ロック
67120743,227,狙撃弾,★★★★★,M1022狙撃弾,-,-,6.064,-,-,-,-,-,-,73.0130,-,-,-,-,-,-,0,0,,0,ロック
67120946,229,特殊貫通弾,★★★★★,Mk1000SLAP,-,-,-,-,-,-,-5.0000,-,-,500,-,-,-,-,-,-,10000,10,MAX,6,ロック
67121007,225,信号弾,★★★★★,信号弾,-,-,-,-,-,-,-1,-,-,-,-,-,-,-,-,-,0,0,MAX,8,ロック
67121060,229,特殊貫通弾,★★★★★,Mk1000SLAP,-,-,-,-,-,-,-5.0000,-,-,243.2330,-,-,-,-,-,-,0,0,,0,ロック
67122549,229,特殊貫通弾,★★★★★,Mk1000SLAP,-,-,-,-,-,-,-5.0000,-,-,500,-,-,-,-,-,-,10000,10,MAX,12,ロック
67122589,229,特殊貫通弾,★★★★★,Mk1000SLAP,-,-,-,-,-,-,-5.0000,-,-,500,-,-,-,-,-,-,10000,10,MAX,20,ロック
67122629,229,特殊貫通弾,★★★★★,Mk1000SLAP,-,-,-,-,-,-,-5.0000,-,-,242.3230,-,-,-,-,-,-,0,0,,0,ロック
67123228,225,信号弾,★★★★★,信号弾,-,-,-,-,-,-,-1,-,-,-,-,-,-,-,-,-,0,0,MAX,4,ロック
67123283,229,特殊貫通弾,★★★★★,Mk1000SLAP,-,-,-,-,-,-,-5.0000,-,-,245.0060,-,-,-,-,-,-,0,0,,0,ロック
67123371,227,狙撃弾,★★★★★,M1022狙撃弾,-,-,6.7142,-,-,-,-,-,-,70.6230,-,-,-,-,-,-,0,0,,0,ロック
67123656,235,フラッシュ弾,★★★★★,散弾用閃光弾,-,-,-,20,-,-,-,-,-,-,-,-,-,-,-,-,10000,10,MAX,7,ロック
67131772,229,特殊貫通弾,★★★★★,Mk1000SLAP,-,-,-,-,-,-,-5.0000,-,-,500,-,-,-,-,-,-,10000,10,MAX,6,ロック
67132696,234,チップ,★★★★★,#2プロセッサ,-,-,15,-,-,-,25,-,-50.0000%,-,-,-,-,-,-,-,10000,10,MAX,16,ロック
67140753,234,チップ,★★★★★,#2プロセッサ,-,-,15,-,-,-,25,-,-50.0000%,-,-,-,-,-,-,-,10000,10,MAX,12,ロック
67155434,225,信号弾,★★★★★,信号弾,-,-,-,-,-,-,-1.436,-,-,-,-,-,-,-,-,-,0,0,,0,ロック
67155453,229,特殊貫通弾,★★★★★,Mk1000SLAP,-,-,-,-,-,-,-5.0000,-,-,241.4570,-,-,-,-,-,-,0,0,,0,ロック
67155465,229,特殊貫通弾,★★★★★,Mk1000SLAP,-,-,-,-,-,-,-5.0000,-,-,500,-,-,-,-,-,-,10000,10,MAX,10,ロック
67155483,225,信号弾,★★★★★,信号弾,-,-,-,-,-,-,-1,-,-,-,-,-,-,-,-,-,0,0,MAX,5,ロック
67155484,234,チップ,★★★★★,#2プロセッサ,-,-,15,-,-,-,25,-,-50.000%,-,-,-,-,-,-,-,10000,10,MAX,6,ロック
67174361,234,チップ,★★★★★,#2プロセッサ,-,-,9.1238,-,-,-,13.2380,-,-50.000%,-,-,-,-,-,-,-,0,0,,0,ロック
67278080,224,レッドサイト,★★★★★,RMR T4レッドサイト,214903415,M1911 Mod,-,20,-,-,-,30%,-,-,-,-,-,-,-,-,10000,10,MAX,6,ロック
67278101,224,レッドサイト,★★★★★,RMR T4レッドサイト,-,-,-,20,-,-,-,30%,-,-,-,-,-,-,-,-,10000,10,MAX,6,ロック
67407500,227,狙撃弾,★★★★★,M1022狙撃弾,-,-,7.1690,-,-,-,-,-,-,73.1310,-,-,-,-,-,-,0,0,,0,ロック
67409403,225,信号弾,★★★★★,信号弾,-,-,-,-,-,-,-1,-,-,-,-,-,-,-,-,-,0,0,MAX,3,ロック
67414463,134,専用装備,★★★★★,MPL M21,198093011,Micro Uzi Mod,10.0000,36,-,-,-1,-,-,-,-,-,-,-,-,-,30000,10,MAX,6,ロック
67435627,225,信号弾,★★★★★,信号弾,189890793,M950A Mod,-,-,-,-,-1,-,-,-,-,-,-,-,-,-,0,0,MAX,3,ロック
67484847,224,レッドサイト,★★★★★,RMR T4レッドサイト,-,-,-,20,-,-,-,30%,-,-,-,-,-,-,-,-,10000,10,MAX,6,ロック
67508232,211,専用装備,★★★★★,有坂徹甲弾,215875987,四式,3,-,-,-,-,-,-,116.0,-,-,-,-,-,-,1,0,,3,ロック
67563931,224,レッドサイト,★★★★★,RMR T4レッドサイト,201633581,M1895 Mod,-,20,-,-,-,30%,-,-,-,-,-,-,-,-,10000,10,MAX,6,ロック
67579901,224,レッドサイト,★★★★★,RMR T4レッドサイト,-,-,-,20,-,-,-,30%,-,-,-,-,-,-,-,-,10000,10,MAX,6,ロック
67579902,224,レッドサイト,★★★★★,RMR T4レッドサイト,-,-,-,20,-,-,-,30%,-,-,-,-,-,-,-,-,10000,10,MAX,6,ロック
68064598,216,専用装備,★★★★★,20Gカスタムスラッグ弾,333012141,ディフェンダー,15,-,-,-,-,30%,-,-,-,-,-,-,-,-,30000,10,MAX,14,ロック
68088055,235,フラッシュ弾,★★★★★,散弾用閃光弾,-,-,-,20,-,-,-,-,-,-,-,-,-,-,-,-,10000,10,MAX,4,ロック
68122254,224,レッドサイト,★★★★★,RMR T4レッドサイト,-,-,-,11.0614,-,-,-,13.5372%,-,-,-,-,-,-,-,-,0,0,,0,ロック
68137210,207,専用装備,★★★★★,pt-3ストック,210376769,PP-19 Mod,4,-,20,-,-,-,-,-,-,-,-,-,-,-,30000,10,MAX,6,ロック
68170994,49,暗視装備,★★★★★,16LAB赤外線レーザーサイト,-,-,-,-,-,-,-,-,-,-,-,-,-,-,100.0000%,-,1,0,MAX,0,ロック
68183653,62,専用装備,★★★★★,GSG UX外骨格,-,-,-6,-,58,-,-,-,-,-,-,-,-,-,-,-,30000,10,MAX,23,ロック
68199715,107,専用装備,★★★★★,インフィニティパック,-,-,-25.0000,-10.0000,-2.0000,-,-,-,-,-,-,-,-,-,-,20.0000,0,0,MAX,0,ロック
68201678,109,オプティカル,★★★★★,16Lab6-24X56,-,-,-,-,-,-,-,24.000%,-,-,-,-,-,-,-,-,1,0,MAX,0,ロック
68265134,110,高速弾,★★★★★,16Lab高速弾,-,-,20.0000,-,-,-,-,-,-,-,-,-,-,-,-,-,10000,10,MAX,0,ロック
68308498,133,専用装備,★★★★★,APS専用銃床,-,-,-,1.1697,6.1834,-,-,14.7558%,-,-,-,-,-,-,-,-,0,0,,0,ロック
68339635,179,専用装備,★★★★★,WML&ハンドガード,189890793,M950A Mod,-,-,20,-,-,20%,-,-,-,-,-,-,-,-,30000,10,MAX,12,ロック
68543846,213,専用装備,★★★★★,特種作戦バッグ,-,-,-,-,25,-,-,-,-,-,5,-,-,-,-,-,30000,10,MAX,16,ロック
68628900,218,専用装備,★★★★★,高性能迷彩骨格,-,-,-,-,27.0,-,-,-,-,-,-,-,-,-,-,-,30000,10,,3,ロック
68690843,224,レッドサイト,★★★★★,RMR T4レッドサイト,-,-,-,10.9534,-,-,-,13.3068%,-,-,-,-,-,-,-,-,0,0,,0,ロック
68718959,217,専用装備,★★★★★,SB 2.5-10x56,33171725,WA2000,3.0000,-,-,-,-,25.0000%,-,-,-,-,-,-,-,-,201,0,MAX,0,ロック
68756689,224,レッドサイト,★★★★★,RMR T4レッドサイト,-,-,-,20,-,-,-,30%,-,-,-,-,-,-,-,-,10000,10,MAX,6,ロック
68788316,224,レッドサイト,★★★★★,RMR T4レッドサイト,-,-,-,10.4556,-,-,-,13.9270%,-,-,-,-,-,-,-,-,0,0,,0,ロック
68792025,235,フラッシュ弾,★★★★★,散弾用閃光弾,325362695,Nova,-,20,-,-,-,-,-,-,-,-,-,-,-,-,10000,10,MAX,4,ロック
68918750,229,特殊貫通弾,★★★★★,Mk1000SLAP,-,-,-,-,-,-,-5.0000,-,-,240.8220,-,-,-,-,-,-,0,0,,0,ロック
68954764,229,特殊貫通弾,★★★★★,Mk1000SLAP,-,-,-,-,-,-,-5.0000,-,-,500,-,-,-,-,-,-,10000,10,MAX,6,ロック
68954840,227,狙撃弾,★★★★★,M1022狙撃弾,290355813,カルカノ M91/38,7.7962,-,-,-,-,-,-,116.5980,-,-,-,-,-,-,10000,10,,0,ロック
68954946,227,狙撃弾,★★★★★,M1022狙撃弾,318249793,HS.50,10,-,-,-,-,-,-,120,-,-,-,-,-,-,10000,10,MAX,16,ロック
68955028,229,特殊貫通弾,★★★★★,Mk1000SLAP,-,-,-,-,-,-,-5.0000,-,-,242.5840,-,-,-,-,-,-,0,0,,0,ロック
68955033,235,フラッシュ弾,★★★★★,散弾用閃光弾,-,-,-,20,-,-,-,-,-,-,-,-,-,-,-,-,10000,10,MAX,11,ロック
68955041,235,フラッシュ弾,★★★★★,散弾用閃光弾,-,-,-,20,-,-,-,-,-,-,-,-,-,-,-,-,10000,10,MAX,6,ロック
69178930,236,専用装備,★★★★★,トンプソン外骨格,181177527,トンプソン,-8.0000,-,40,-,-,-,-,-,-,-,-,-,-,-,30000,10,MAX,6,ロック
69200924,235,フラッシュ弾,★★★★★,散弾用閃光弾,-,-,-,20,-,-,-,-,-,-,-,-,-,-,-,-,10000,10,MAX,4,ロック
69221809,225,信号弾,★★★★★,信号弾,-,-,-,-,-,-,-1,-,-,-,-,-,-,-,-,-,0,0,MAX,2,ロック
69471657,229,特殊貫通弾,★★★★★,Mk1000SLAP,-,-,-,-,-,-,-5.0000,-,-,243.3660,-,-,-,-,-,-,0,0,,0,ロック
69567410,229,特殊貫通弾,★★★★★,Mk1000SLAP,-,-,-,-,-,-,-5.0000,-,-,500,-,-,-,-,-,-,10000,10,MAX,3,ロック
69579530,225,信号弾,★★★★★,信号弾,125628851,ウェルロッドMkⅡ Mod,-,-,-,-,-1,-,-,-,-,-,-,-,-,-,0,0,MAX,5,ロック
69579532,234,チップ,★★★★★,#2プロセッサ,-,-,8.8958,-,-,-,12.8492,-,-50.0000%,-,-,-,-,-,-,-,0,0,,0,ロック
69638282,237,専用装備,★★★★★,MkV可動性外骨格,106586004,グリズリー,-,-,30,3.0000,-,-,-,-,-,-,-,-,-,-,30000,10,MAX,17,ロック
69647130,225,信号弾,★★★★★,信号弾,-,-,-,-,-,-,-1,-,-,-,-,-,-,-,-,-,0,0,MAX,4,ロック
69861074,234,チップ,★★★★★,#2プロセッサ,-,-,15,-,-,-,25,-,-50.0000%,-,-,-,-,-,-,-,10000,10,MAX,6,ロック
69861078,32,高速弾,★★★★★,APCR高速弾,24403124,M4A1 Mod,20,-,-,-,-,-,-,-,-,-,-,-,-,-,10000,10,MAX,5,ロック
70038649,242,専用装備,★★★★★,7N14,55553161,SVD,4,-,-,-,-,-,-,180,-,-,-,-,-,-,30000,10,MAX,16,ロック
70111371,239,専用装備,★★★★★,Mk4 SLAP,299725815,Gr MG4 Mod,-1,-,-,-,-,-,-,600.0000,-,-,-,-,-,-,30000,10,MAX,6,ロック
70115036,238,専用装備,★★★★★,9x18mm FTX,22403364,マカロフ Mod,16,-,-,-,-,-,-,-,-,-,-,-,-,-,30000,10,MAX,6,
70119339,234,チップ,★★★★★,#2プロセッサ,-,-,15,-,-,-,25,-,-50.000%,-,-,-,-,-,-,-,10000,10,MAX,6,ロック
70318934,193,専用装備,★★★★★,戦術機動シールド,322139528,97式散 Mod,-,-,2,-,-,-,-,-,11,-,-,-,-,-,30000,10,MAX,6,
70394441,225,信号弾,★★★★★,信号弾,-,-,-,-,-,-,-1,-,-,-,-,-,-,-,-,-,0,0,MAX,6,ロック
70421758,234,チップ,★★★★★,#2プロセッサ,-,-,8.9278,-,-,-,13.7580,-,-50.0000%,-,-,-,-,-,-,-,0,0,,0,ロック
70422970,246,専用装備,★★★★★,RBL型グリップ,-,-,-,-,8.5384,-,-,12.1422%,-,-,-,-,-,-,-,-,1,0,,0,ロック
70454963,171,専用装備,★★★★★,戦術アホ毛(稲妻),104935378,スチェッキン Mod,-,-,20,-,-,20%,-,-,-,-,-,-,-,-,30000,10,MAX,11,ロック
70549019,311,測距儀,★★★★★,M200X LRF,-,-,10,-,-,-,-,-,-,-,-,-,-,-,-,-,10000,10,MAX,5,ロック
70567108,314,固定銃架,★★★★★,HD100銃架,-,-,-,10,-,-3,-,-,-,-,-,-,-,-,-,-,10000,10,,1,ロック
70591579,269,専用装備,★★★★★,ILWLP,224824033,Gr Mk23,-,-,20,-,-,-,-,-,-,-,-,-,100%,-,30000,10,MAX,6,
70602557,90,カモフラージュマント,★★★★★,熱光学迷彩マント,-,-,-,-,-,-3.000,-,-,14.7304%,-,-,-,-,-,-,-,1,0,,0,ロック
70697790,224,レッドサイト,★★★★★,RMR T4レッドサイト,-,-,-,10.2788,-,-,-,13.062%,-,-,-,-,-,-,-,-,1,0,,0,ロック
70758202,248,専用装備,★★★★★,9A高性能チップ,23230854,9A-91,15,-,-,-,25,-,-,-,-,-,-,-,-,-,30000,10,MAX,16,ロック
70821192,240,専用装備,★★★★★,翼状機械シールド,251351667,RMB-93 Mod,-,-,-,3.0000,-,-,-,-,12,-,-,-,-,-,30000,10,MAX,3,
70959480,314,固定銃架,★★★★★,HD100銃架,-,-,-,8.0,-,-2,-,-,-,-,-,-,-,-,-,-,10000,10,,3,ロック
71112409,249,専用装備,★★★★★,SR3カスタムサイレンサー,-,-,6.000,10.0000,10.0,-,-,-,-,-,-,-,-,-,-,-,1,0,MAX,0,ロック
71120195,308,チョーク,★★★★★,Mk0多用途チョーク,324713245,M26-MASS,-,10,-,-,-,-,-,-,-,-,-,-,-,5,10000,10,MAX,6,ロック
71167326,250,専用装備,★★★★★,軽量骨格MkQ,214093880,Honey Badger,15,-,35,-,-,-,-,-,-,-,-,-,-,-,30000,10,MAX,16,
71186624,212,専用装備,★★★★★,特製曳光弾,251790479,56式半 Mod,10,-,-,-,-,-,-,180,-,-,-,-,-,-,30000,10,MAX,12,
71194757,231,バードショット,★★★★★,#7.5バードショット,-,-,-,-,-,-,6.9106,-,-14.3570%,-,-,-,-,-,-,-,0,0,,0,ロック
71194797,235,フラッシュ弾,★★★★★,散弾用閃光弾,-,-,-,20,-,-,-,-,-,-,-,-,-,-,-,-,10000,10,MAX,5,ロック
71194822,235,フラッシュ弾,★★★★★,散弾用閃光弾,324713245,M26-MASS,-,20,-,-,-,-,-,-,-,-,-,-,-,-,10000,10,MAX,4,ロック
71194826,231,バードショット,★★★★★,#7.5バードショット,-,-,-,-,-,-,12,-,-10%,-,-,-,-,-,-,-,10000,10,MAX,16,ロック
71194881,44,防弾ベスト,★★★★★,Type3防弾ベスト,324713245,M26-MASS,-,-,-2,-,-,-,-,-,11,-,-,-,-,-,10000,10,MAX,6,ロック
71194918,234,チップ,★★★★★,#2プロセッサ,-,-,9.2618,-,-,-,14.9876,-,-50.0000%,-,-,-,-,-,-,-,0,0,,0,ロック
71194941,44,防弾ベスト,★★★★★,Type3防弾ベスト,-,-,-,-,-2,-,-,-,-,-,11,-,-,-,-,-,10000,10,MAX,6,ロック
71194986,44,防弾ベスト,★★★★★,Type3防弾ベスト,-,-,-,-,-2,-,-,-,-,-,11,-,-,-,-,-,10000,10,MAX,6,ロック
71195001,240,専用装備,★★★★★,翼状機械シールド,324883204,RMB-93 Mod,-,-,-,3.000,-,-,-,-,12,-,-,-,-,-,30000,10,MAX,2,
71206571,225,信号弾,★★★★★,信号弾,-,-,-,-,-,-,-1,-,-,-,-,-,-,-,-,-,0,0,MAX,5,ロック
71206572,225,信号弾,★★★★★,信号弾,-,-,-,-,-,-,-4.2012,-,-,-,-,-,-,-,-,-,0,0,,0,ロック
71248253,44,防弾ベスト,★★★★★,Type3防弾ベスト,-,-,-,-,-2.7992,-,-,-,-,-,6.1526,-,-,-,-,-,1,0,,0,ロック
71248256,308,チョーク,★★★★★,Mk0多用途チョーク,-,-,-,8.3036,-,-,-,-,-,-,-,-,-,-,-,3.7186,10000,10,,0,ロック
71248283,235,フラッシュ弾,★★★★★,散弾用閃光弾,-,-,-,10.4068,-,-,-,-,-,-,-,-,-,-,-,-,1,0,,0,ロック
71261590,311,測距儀,★★★★★,M200X LRF,-,-,10,-,-,-,-,-,-,-,-,-,-,-,-,-,10000,10,MAX,3,ロック
71305771,90,カモフラージュマント,★★★★★,熱光学迷彩マント,-,-,-,-,-,-3.00,-,-,11.1816%,-,-,-,-,-,-,-,1,0,,0,ロック
71332891,309,集中チップ,★★★★★,集中チップ,-,-,10,-,-,-,-10,-,30%,-,-,-,-,-,-,-,10000,10,MAX,6,ロック
71424195,224,レッドサイト,★★★★★,RMR T4レッドサイト,-,-,-,10.5422,-,-,-,13.9664%,-,-,-,-,-,-,-,-,1,0,,0,ロック
71431143,305,SFライト,★★★★★,SFライト改,-,-,-,-,8,-,-,-,-,-,-,-,-,-,-,-,10000,10,MAX,3,ロック
71435768,305,SFライト,★★★★★,SFライト改,-,-,-,-,8,-,-,-,-,-,-,-,-,-,-,-,10000,10,MAX,14,ロック
71447529,305,SFライト,★★★★★,SFライト改,-,-,-,-,8,-,-,-,-,-,-,-,-,-,-,-,10000,10,MAX,4,ロック
71473782,259,専用装備,★★★★★,古びた迷彩服,312637884,モンドラゴンM1908,-,-,-,-,-,-,45%,-,-,-,-,-,-,-,30000,10,MAX,6,ロック
71506213,16,暗視装備,★★★★★,PEQ-16A,-,-,-,-,-,-,-,-,-,-,-,-,-,-,91.7434%,-,1,0,,0,ロック
71519024,234,チップ,★★★★★,#2プロセッサ,-,-,8.7766,-,-,-,13.6856,-,-50.000%,-,-,-,-,-,-,-,1,0,,0,ロック
71521441,305,SFライト,★★★★★,SFライト改,-,-,-,-,8,-,-,-,-,-,-,-,-,-,-,-,10000,10,MAX,3,ロック
71521598,305,SFライト,★★★★★,SFライト改,-,-,-,-,8,-,-,-,-,-,-,-,-,-,-,-,10000,10,MAX,5,ロック
71529933,278,専用装備,★★★★★,P22レーザーポインター,-,-,-,-,9.0,-,-,14.0001%,-,-,-,-,-,-,-,-,1,0,,3,ロック
71670786,318,専用装備,★★★★★,M948 MODX,-,-,5,-,-,-,-,-,-,200,-,-,-,-,-,-,30000,10,MAX,10,ロック
71673478,317,専用装備,★★★★★,MK318 MODX,-,-,24,-,-,-,-,-,-,-,-,-,-,-,-,-,30000,10,MAX,4,ロック
71699757,308,チョーク,★★★★★,Mk0多用途チョーク,-,-,-,3.3152,-,-,-,-,-,-,-,-,-,-,-,2.5134,1,0,,0,ロック
71732964,308,チョーク,★★★★★,Mk0多用途チョーク,-,-,-,3.8516,-,-,-,-,-,-,-,-,-,-,-,2.2031,0,0,,0,ロック
71738101,264,専用装備,★★★★★,PK専用三脚,-,-,3.8128,4.0434,-,-,-,22.3525%,-,-,-,-,-,-,-,-,1,0,,0,ロック
71782500,308,チョーク,★★★★★,Mk0多用途チョーク,-,-,-,3.5516,-,-,-,-,-,-,-,-,-,-,-,2.6196,0,0,,0,ロック
