Datetime,Area ID,Area Boss,Remain Count,Capture Type,Capture Status,Sangvis ID,Sangvis Rank,Sangvis Name
2022-07-16 17:28:52,11,エージェント,91,PULSE,X,2014,★★,イージスSWAP
2022-07-16 17:29:01,11,エージェント,90,PULSE,O,2005,★★,タランチュラ
2022-07-16 23:26:43,11,エージェント,89,PULSE,O,3001,★,リッパー
2022-07-18 14:35:11,11,エージェント,88,PULSE,O,3007,★,スカウト
2022-07-18 14:35:18,11,エージェント,87,PULSE,O,3005,★,ストライカー
2022-07-18 14:35:26,11,エージェント,86,PULSE,O,3001,★,リッパー
2022-07-19 23:39:48,11,エージェント,85,PULSE,O,3003,★,ガード
2022-07-19 23:40:06,11,エージェント,84,PULSE,O,3008,★,プラウラー
2022-07-19 23:40:24,11,エージェント,83,PULSE,O,3010,★,ゴリアテ工場
2022-07-20 17:01:01,11,エージェント,82,PULSE,O,3008,★,プラウラー
2022-07-21 19:31:19,11,エージェント,81,PULSE,O,3003,★,ガード
2022-07-21 19:31:42,11,エージェント,80,SVAROG,O,2001,★★,ブルート
2022-07-21 19:31:42,11,エージェント,79,SVAROG,O,3007,★,スカウト
2022-07-21 19:31:42,11,エージェント,78,SVAROG,O,3009,★,ジャガー
2022-07-21 19:31:46,11,エージェント,77,SVAROG,O,3001,★,リッパー
2022-07-21 19:31:46,11,エージェント,76,SVAROG,O,3010,★,ゴリアテ工場
2022-07-21 19:31:46,11,エージェント,75,SVAROG,O,2003,★★,イージス
2022-07-21 19:31:50,11,エージェント,74,SVAROG,O,3003,★,ガード
2022-07-21 19:31:50,11,エージェント,73,SVAROG,O,2004,★★,ニーマム
2022-07-21 19:31:50,11,エージェント,72,SVAROG,O,2008,★★,ガードSWAP
2022-07-21 19:31:54,11,エージェント,71,SVAROG,O,3006,★,ダイナーゲート
2022-07-21 19:31:54,11,エージェント,70,SVAROG,O,2006,★★,マンティコア
2022-07-21 19:31:54,11,エージェント,69,SVAROG,O,2003,★★,イージス
2022-07-21 19:32:03,11,エージェント,68,SVAROG,O,3010,★,ゴリアテ工場
2022-07-21 19:32:03,11,エージェント,67,SVAROG,O,3008,★,プラウラー
2022-07-21 19:32:03,11,エージェント,66,SVAROG,O,2013,★★,ストライカーSWAP
2022-07-21 19:32:09,11,エージェント,65,SVAROG,O,3004,★,イェーガー
2022-07-21 19:32:09,11,エージェント,64,SVAROG,O,2012,★★,ドラグーンSWAP
2022-07-21 19:32:09,11,エージェント,63,SVAROG,O,2009,★★,リッパーSWAP
2022-07-21 19:32:14,11,エージェント,62,SVAROG,O,2001,★★,ブルート
2022-07-21 19:32:14,11,エージェント,61,SVAROG,O,3002,★,ヴェスピド
2022-07-21 19:32:14,11,エージェント,60,SVAROG,O,3002,★,ヴェスピド
2022-07-21 19:33:03,11,エージェント,59,SVAROG,O,3006,★,ダイナーゲート
2022-07-21 19:33:03,11,エージェント,58,SVAROG,O,2008,★★,ガードSWAP
2022-07-21 19:33:03,11,エージェント,57,SVAROG,O,2011,★★,プラウラーSWAP
2022-07-21 19:33:08,11,エージェント,56,SVAROG,O,3010,★,ゴリアテ工場
2022-07-21 19:33:08,11,エージェント,55,SVAROG,O,3008,★,プラウラー
2022-07-21 19:33:08,11,エージェント,54,SVAROG,O,3008,★,プラウラー
2022-07-21 19:33:12,11,エージェント,53,SVAROG,O,3006,★,ダイナーゲート
2022-07-21 19:33:12,11,エージェント,52,SVAROG,O,1012,★★★,エージェント
2022-07-21 19:33:12,11,エージェント,51,SVAROG,O,3010,★,ゴリアテ工場
2022-07-23 22:11:13,11,エージェント,100,PULSE,X,2011,★★,プラウラーSWAP
2022-07-24 19:48:26,11,エージェント,99,PULSE,O,3010,★,ゴリアテ工場
2022-07-27 19:49:45,11,エージェント,98,PULSE,O,3003,★,ガード
2022-07-29 17:06:55,14,エクスキューショナー,99,PULSE,O,3007,★,スカウト
2022-07-30 01:51:38,14,エクスキューショナー,98,PULSE,O,3002,★,ヴェスピド
2022-07-30 01:51:47,14,エクスキューショナー,97,PULSE,O,2005,★★,タランチュラ
2022-07-30 16:29:06,14,エクスキューショナー,96,PULSE,O,3006,★,ダイナーゲート
2022-07-30 16:29:13,14,エクスキューショナー,95,PULSE,O,3004,★,イェーガー
2022-07-30 16:29:20,14,エクスキューショナー,94,PULSE,O,3010,★,ゴリアテ工場
2022-07-30 16:29:30,14,エクスキューショナー,93,PULSE,O,3004,★,イェーガー
2022-08-01 09:31:17,19,ハンター,イントゥルーダー,デストロイヤー,アーキテクト,ウロボロス,アルケミスト,99,SVAROG,O,3004,★,イェーガー
2022-08-01 09:31:17,19,ハンター,イントゥルーダー,デストロイヤー,アーキテクト,ウロボロス,アルケミスト,98,SVAROG,O,3001,★,リッパー
2022-08-01 09:31:17,19,ハンター,イントゥルーダー,デストロイヤー,アーキテクト,ウロボロス,アルケミスト,97,SVAROG,O,3007,★,スカウト
2022-08-01 09:31:17,19,ハンター,イントゥルーダー,デストロイヤー,アーキテクト,ウロボロス,アルケミスト,96,SVAROG,O,3003,★,ガード
2022-08-01 09:31:17,19,ハンター,イントゥルーダー,デストロイヤー,アーキテクト,ウロボロス,アルケミスト,95,SVAROG,O,2002,★★,ドラグーン
2022-08-01 09:31:17,19,ハンター,イントゥルーダー,デストロイヤー,アーキテクト,ウロボロス,アルケミスト,94,SVAROG,O,3007,★,スカウト
2022-08-01 09:31:17,19,ハンター,イントゥルーダー,デストロイヤー,アーキテクト,ウロボロス,アルケミスト,93,SVAROG,O,2012,★★,ドラグーンSWAP
2022-08-01 09:31:17,19,ハンター,イントゥルーダー,デストロイヤー,アーキテクト,ウロボロス,アルケミスト,92,SVAROG,O,2004,★★,ニーマム
2022-08-01 09:31:17,19,ハンター,イントゥルーダー,デストロイヤー,アーキテクト,ウロボロス,アルケミスト,91,SVAROG,O,3003,★,ガード
2022-08-01 09:31:17,19,ハンター,イントゥルーダー,デストロイヤー,アーキテクト,ウロボロス,アルケミスト,90,SVAROG,O,3004,★,イェーガー
2022-08-01 11:43:35,19,ハンター,イントゥルーダー,デストロイヤー,アーキテクト,ウロボロス,アルケミスト,89,PULSE,O,2005,★★,タランチュラ
2022-08-01 11:44:14,19,ハンター,イントゥルーダー,デストロイヤー,アーキテクト,ウロボロス,アルケミスト,88,PULSE,O,3002,★,ヴェスピド
2022-08-01 11:44:29,19,ハンター,イントゥルーダー,デストロイヤー,アーキテクト,ウロボロス,アルケミスト,87,PULSE,O,3003,★,ガード
2022-08-01 11:44:46,19,ハンター,イントゥルーダー,デストロイヤー,アーキテクト,ウロボロス,アルケミスト,86,PULSE,O,3002,★,ヴェスピド
2022-08-01 21:24:06,19,ハンター,イントゥルーダー,デストロイヤー,アーキテクト,ウロボロス,アルケミスト,85,SVAROG,O,3002,★,ヴェスピド
2022-08-01 22:05:05,19,ハンター,イントゥルーダー,デストロイヤー,アーキテクト,ウロボロス,アルケミスト,84,PULSE,O,2011,★★,プラウラーSWAP
2022-08-01 22:05:12,19,ハンター,イントゥルーダー,デストロイヤー,アーキテクト,ウロボロス,アルケミスト,83,PULSE,O,3004,★,イェーガー
2022-08-01 22:05:18,19,ハンター,イントゥルーダー,デストロイヤー,アーキテクト,ウロボロス,アルケミスト,82,PULSE,O,3006,★,ダイナーゲート
2022-08-01 22:05:25,19,ハンター,イントゥルーダー,デストロイヤー,アーキテクト,ウロボロス,アルケミスト,81,PULSE,O,3002,★,ヴェスピド
2022-08-01 22:05:38,19,ハンター,イントゥルーダー,デストロイヤー,アーキテクト,ウロボロス,アルケミスト,80,PULSE,O,3003,★,ガード
2022-08-01 22:05:51,19,ハンター,イントゥルーダー,デストロイヤー,アーキテクト,ウロボロス,アルケミスト,79,PULSE,O,3008,★,プラウラー
2022-08-01 22:06:00,19,ハンター,イントゥルーダー,デストロイヤー,アーキテクト,ウロボロス,アルケミスト,78,PULSE,O,3003,★,ガード
2022-08-01 22:06:12,19,ハンター,イントゥルーダー,デストロイヤー,アーキテクト,ウロボロス,アルケミスト,77,PULSE,O,3010,★,ゴリアテ工場
2022-08-02 07:09:31,19,ハンター,イントゥルーダー,デストロイヤー,アーキテクト,ウロボロス,アルケミスト,76,SVAROG,O,2008,★★,ガードSWAP
2022-08-02 07:09:31,19,ハンター,イントゥルーダー,デストロイヤー,アーキテクト,ウロボロス,アルケミスト,75,SVAROG,O,2003,★★,イージス
2022-08-02 07:09:31,19,ハンター,イントゥルーダー,デストロイヤー,アーキテクト,ウロボロス,アルケミスト,74,SVAROG,O,3001,★,リッパー
2022-08-02 07:09:31,19,ハンター,イントゥルーダー,デストロイヤー,アーキテクト,ウロボロス,アルケミスト,73,SVAROG,O,3010,★,ゴリアテ工場
2022-08-02 07:09:31,19,ハンター,イントゥルーダー,デストロイヤー,アーキテクト,ウロボロス,アルケミスト,72,SVAROG,O,3006,★,ダイナーゲート
2022-08-02 07:09:31,19,ハンター,イントゥルーダー,デストロイヤー,アーキテクト,ウロボロス,アルケミスト,71,SVAROG,O,3008,★,プラウラー
2022-08-02 07:09:31,19,ハンター,イントゥルーダー,デストロイヤー,アーキテクト,ウロボロス,アルケミスト,70,SVAROG,O,2013,★★,ストライカーSWAP
2022-08-02 07:09:31,19,ハンター,イントゥルーダー,デストロイヤー,アーキテクト,ウロボロス,アルケミスト,69,SVAROG,O,3005,★,ストライカー
2022-08-02 07:09:31,19,ハンター,イントゥルーダー,デストロイヤー,アーキテクト,ウロボロス,アルケミスト,68,SVAROG,O,3006,★,ダイナーゲート
2022-08-02 07:09:31,19,ハンター,イントゥルーダー,デストロイヤー,アーキテクト,ウロボロス,アルケミスト,67,SVAROG,O,2010,★★,ヴェスピドSWAP
2022-08-03 00:03:57,19,ハンター,イントゥルーダー,デストロイヤー,アーキテクト,ウロボロス,アルケミスト,66,SVAROG,O,3006,★,ダイナーゲート
2022-08-03 00:03:57,19,ハンター,イントゥルーダー,デストロイヤー,アーキテクト,ウロボロス,アルケミスト,65,SVAROG,O,3010,★,ゴリアテ工場
2022-08-03 00:03:57,19,ハンター,イントゥルーダー,デストロイヤー,アーキテクト,ウロボロス,アルケミスト,64,SVAROG,O,2001,★★,ブルート
2022-08-03 00:03:57,19,ハンター,イントゥルーダー,デストロイヤー,アーキテクト,ウロボロス,アルケミスト,63,SVAROG,O,3002,★,ヴェスピド
2022-08-03 00:03:57,19,ハンター,イントゥルーダー,デストロイヤー,アーキテクト,ウロボロス,アルケミスト,62,SVAROG,O,2004,★★,ニーマム
2022-08-03 00:03:57,19,ハンター,イントゥルーダー,デストロイヤー,アーキテクト,ウロボロス,アルケミスト,61,SVAROG,O,3006,★,ダイナーゲート
2022-08-03 00:03:57,19,ハンター,イントゥルーダー,デストロイヤー,アーキテクト,ウロボロス,アルケミスト,60,SVAROG,O,2002,★★,ドラグーン
2022-08-03 00:03:57,19,ハンター,イントゥルーダー,デストロイヤー,アーキテクト,ウロボロス,アルケミスト,59,SVAROG,O,3009,★,ジャガー
2022-08-03 00:03:57,19,ハンター,イントゥルーダー,デストロイヤー,アーキテクト,ウロボロス,アルケミスト,58,SVAROG,O,2006,★★,マンティコア
2022-08-03 00:03:57,19,ハンター,イントゥルーダー,デストロイヤー,アーキテクト,ウロボロス,アルケミスト,57,SVAROG,O,3001,★,リッパー
2022-08-04 00:42:05,19,ハンター,イントゥルーダー,デストロイヤー,アーキテクト,ウロボロス,アルケミスト,56,SVAROG,O,3001,★,リッパー
2022-08-04 00:42:05,19,ハンター,イントゥルーダー,デストロイヤー,アーキテクト,ウロボロス,アルケミスト,55,SVAROG,O,3002,★,ヴェスピド
2022-08-04 00:42:05,19,ハンター,イントゥルーダー,デストロイヤー,アーキテクト,ウロボロス,アルケミスト,54,SVAROG,O,3007,★,スカウト
2022-08-04 00:42:05,19,ハンター,イントゥルーダー,デストロイヤー,アーキテクト,ウロボロス,アルケミスト,53,SVAROG,O,3004,★,イェーガー
2022-08-04 00:42:05,19,ハンター,イントゥルーダー,デストロイヤー,アーキテクト,ウロボロス,アルケミスト,52,SVAROG,O,3006,★,ダイナーゲート
2022-08-04 00:42:05,19,ハンター,イントゥルーダー,デストロイヤー,アーキテクト,ウロボロス,アルケミスト,51,SVAROG,O,3008,★,プラウラー
2022-08-04 00:42:05,19,ハンター,イントゥルーダー,デストロイヤー,アーキテクト,ウロボロス,アルケミスト,50,SVAROG,O,3007,★,スカウト
2022-08-04 00:42:05,19,ハンター,イントゥルーダー,デストロイヤー,アーキテクト,ウロボロス,アルケミスト,49,SVAROG,O,2005,★★,タランチュラ
2022-08-04 00:42:05,19,ハンター,イントゥルーダー,デストロイヤー,アーキテクト,ウロボロス,アルケミスト,48,SVAROG,O,3006,★,ダイナーゲート
2022-08-04 00:42:05,19,ハンター,イントゥルーダー,デストロイヤー,アーキテクト,ウロボロス,アルケミスト,47,SVAROG,O,3001,★,リッパー
2022-08-04 00:42:50,19,ハンター,イントゥルーダー,デストロイヤー,アーキテクト,ウロボロス,アルケミスト,46,PULSE,O,3002,★,ヴェスピド
2022-08-04 00:43:41,14,エクスキューショナー,92,PULSE,O,3008,★,プラウラー
2022-08-04 00:43:58,14,エクスキューショナー,91,SVAROG,O,3007,★,スカウト
2022-08-04 00:43:58,14,エクスキューショナー,90,SVAROG,O,3003,★,ガード
2022-08-04 00:43:58,14,エクスキューショナー,89,SVAROG,O,3006,★,ダイナーゲート
2022-08-04 00:43:58,14,エクスキューショナー,88,SVAROG,O,3004,★,イェーガー
2022-08-04 00:43:58,14,エクスキューショナー,87,SVAROG,O,2014,★★,イージスSWAP
2022-08-04 00:43:58,14,エクスキューショナー,86,SVAROG,O,3008,★,プラウラー
2022-08-04 00:43:58,14,エクスキューショナー,85,SVAROG,O,3001,★,リッパー
2022-08-04 00:43:58,14,エクスキューショナー,84,SVAROG,O,3006,★,ダイナーゲート
2022-08-04 00:43:58,14,エクスキューショナー,83,SVAROG,O,3010,★,ゴリアテ工場
2022-08-04 00:43:58,14,エクスキューショナー,82,SVAROG,O,3008,★,プラウラー
2022-08-04 17:59:37,14,エクスキューショナー,81,PULSE,O,3008,★,プラウラー
2022-08-05 00:17:16,19,ハンター,イントゥルーダー,デストロイヤー,アーキテクト,ウロボロス,アルケミスト,45,SVAROG,O,3003,★,ガード
2022-08-05 00:17:16,19,ハンター,イントゥルーダー,デストロイヤー,アーキテクト,ウロボロス,アルケミスト,44,SVAROG,O,3010,★,ゴリアテ工場
2022-08-05 00:17:16,19,ハンター,イントゥルーダー,デストロイヤー,アーキテクト,ウロボロス,アルケミスト,43,SVAROG,O,2014,★★,イージスSWAP
2022-08-05 00:17:16,19,ハンター,イントゥルーダー,デストロイヤー,アーキテクト,ウロボロス,アルケミスト,42,SVAROG,O,2009,★★,リッパーSWAP
2022-08-05 00:17:16,19,ハンター,イントゥルーダー,デストロイヤー,アーキテクト,ウロボロス,アルケミスト,41,SVAROG,O,3009,★,ジャガー
2022-08-05 00:17:16,19,ハンター,イントゥルーダー,デストロイヤー,アーキテクト,ウロボロス,アルケミスト,40,SVAROG,O,3005,★,ストライカー
2022-08-05 00:17:16,19,ハンター,イントゥルーダー,デストロイヤー,アーキテクト,ウロボロス,アルケミスト,39,SVAROG,O,3004,★,イェーガー
2022-08-05 00:17:16,19,ハンター,イントゥルーダー,デストロイヤー,アーキテクト,ウロボロス,アルケミスト,38,SVAROG,O,3001,★,リッパー
2022-08-05 00:17:16,19,ハンター,イントゥルーダー,デストロイヤー,アーキテクト,ウロボロス,アルケミスト,37,SVAROG,O,3005,★,ストライカー
2022-08-05 00:17:16,19,ハンター,イントゥルーダー,デストロイヤー,アーキテクト,ウロボロス,アルケミスト,36,SVAROG,O,2008,★★,ガードSWAP
2022-08-05 00:17:50,19,ハンター,イントゥルーダー,デストロイヤー,アーキテクト,ウロボロス,アルケミスト,35,PULSE,O,3010,★,ゴリアテ工場
2022-08-05 00:18:11,19,ハンター,イントゥルーダー,デストロイヤー,アーキテクト,ウロボロス,アルケミスト,34,PULSE,O,3007,★,スカウト
2022-08-05 00:18:17,19,ハンター,イントゥルーダー,デストロイヤー,アーキテクト,ウロボロス,アルケミスト,33,PULSE,O,3001,★,リッパー
2022-08-05 00:18:27,19,ハンター,イントゥルーダー,デストロイヤー,アーキテクト,ウロボロス,アルケミスト,32,PULSE,O,3008,★,プラウラー
2022-08-05 00:28:14,19,ハンター,イントゥルーダー,デストロイヤー,アーキテクト,ウロボロス,アルケミスト,31,SVAROG,O,3009,★,ジャガー
2022-08-05 00:28:18,19,ハンター,イントゥルーダー,デストロイヤー,アーキテクト,ウロボロス,アルケミスト,30,SVAROG,O,3007,★,スカウト
2022-08-05 00:28:22,19,ハンター,イントゥルーダー,デストロイヤー,アーキテクト,ウロボロス,アルケミスト,29,SVAROG,O,3003,★,ガード
2022-08-05 00:28:25,19,ハンター,イントゥルーダー,デストロイヤー,アーキテクト,ウロボロス,アルケミスト,28,SVAROG,O,3004,★,イェーガー
2022-08-05 00:29:17,19,ハンター,イントゥルーダー,デストロイヤー,アーキテクト,ウロボロス,アルケミスト,27,SVAROG,O,3009,★,ジャガー
2022-08-05 00:29:20,19,ハンター,イントゥルーダー,デストロイヤー,アーキテクト,ウロボロス,アルケミスト,26,SVAROG,O,2011,★★,プラウラーSWAP
2022-08-05 00:29:26,19,ハンター,イントゥルーダー,デストロイヤー,アーキテクト,ウロボロス,アルケミスト,25,SVAROG,O,3009,★,ジャガー
2022-08-05 00:29:29,19,ハンター,イントゥルーダー,デストロイヤー,アーキテクト,ウロボロス,アルケミスト,24,SVAROG,O,3005,★,ストライカー
2022-08-05 00:29:34,19,ハンター,イントゥルーダー,デストロイヤー,アーキテクト,ウロボロス,アルケミスト,23,SVAROG,O,3009,★,ジャガー
2022-08-05 00:29:37,19,ハンター,イントゥルーダー,デストロイヤー,アーキテクト,ウロボロス,アルケミスト,22,SVAROG,O,3010,★,ゴリアテ工場
2022-08-05 00:29:40,19,ハンター,イントゥルーダー,デストロイヤー,アーキテクト,ウロボロス,アルケミスト,21,SVAROG,O,3010,★,ゴリアテ工場
2022-08-05 00:29:44,19,ハンター,イントゥルーダー,デストロイヤー,アーキテクト,ウロボロス,アルケミスト,20,SVAROG,O,2006,★★,マンティコア
2022-08-06 00:50:01,19,ハンター,イントゥルーダー,デストロイヤー,アーキテクト,ウロボロス,アルケミスト,19,SVAROG,O,3007,★,スカウト
2022-08-06 00:50:01,19,ハンター,イントゥルーダー,デストロイヤー,アーキテクト,ウロボロス,アルケミスト,18,SVAROG,O,3008,★,プラウラー
2022-08-06 00:50:01,19,ハンター,イントゥルーダー,デストロイヤー,アーキテクト,ウロボロス,アルケミスト,17,SVAROG,O,2012,★★,ドラグーンSWAP
2022-08-06 00:50:01,19,ハンター,イントゥルーダー,デストロイヤー,アーキテクト,ウロボロス,アルケミスト,16,SVAROG,O,3005,★,ストライカー
2022-08-06 00:50:01,19,ハンター,イントゥルーダー,デストロイヤー,アーキテクト,ウロボロス,アルケミスト,15,SVAROG,O,2009,★★,リッパーSWAP
2022-08-06 00:50:01,19,ハンター,イントゥルーダー,デストロイヤー,アーキテクト,ウロボロス,アルケミスト,14,SVAROG,O,3010,★,ゴリアテ工場
2022-08-06 00:50:01,19,ハンター,イントゥルーダー,デストロイヤー,アーキテクト,ウロボロス,アルケミスト,13,SVAROG,O,3008,★,プラウラー
2022-08-06 00:50:01,19,ハンター,イントゥルーダー,デストロイヤー,アーキテクト,ウロボロス,アルケミスト,12,SVAROG,O,3004,★,イェーガー
2022-08-06 00:50:01,19,ハンター,イントゥルーダー,デストロイヤー,アーキテクト,ウロボロス,アルケミスト,11,SVAROG,O,2014,★★,イージスSWAP
2022-08-06 00:50:01,19,ハンター,イントゥルーダー,デストロイヤー,アーキテクト,ウロボロス,アルケミスト,10,SVAROG,O,2014,★★,イージスSWAP
2022-08-07 00:30:16,19,ハンター,イントゥルーダー,デストロイヤー,アーキテクト,ウロボロス,アルケミスト,9,SVAROG,O,2013,★★,ストライカーSWAP
2022-08-07 00:30:16,19,ハンター,イントゥルーダー,デストロイヤー,アーキテクト,ウロボロス,アルケミスト,8,SVAROG,O,3005,★,ストライカー
2022-08-07 00:30:16,19,ハンター,イントゥルーダー,デストロイヤー,アーキテクト,ウロボロス,アルケミスト,7,SVAROG,O,2010,★★,ヴェスピドSWAP
2022-08-07 00:30:16,19,ハンター,イントゥルーダー,デストロイヤー,アーキテクト,ウロボロス,アルケミスト,6,SVAROG,O,2001,★★,ブルート
2022-08-07 00:30:16,19,ハンター,イントゥルーダー,デストロイヤー,アーキテクト,ウロボロス,アルケミスト,5,SVAROG,O,1003,★★★,ハンター
2022-08-07 00:30:16,19,ハンター,イントゥルーダー,デストロイヤー,アーキテクト,ウロボロス,アルケミスト,4,SVAROG,O,2013,★★,ストライカーSWAP
2022-08-07 00:30:16,19,ハンター,イントゥルーダー,デストロイヤー,アーキテクト,ウロボロス,アルケミスト,3,SVAROG,O,2003,★★,イージス
2022-08-07 00:30:16,19,ハンター,イントゥルーダー,デストロイヤー,アーキテクト,ウロボロス,アルケミスト,2,SVAROG,O,3009,★,ジャガー
2022-08-07 00:30:16,19,ハンター,イントゥルーダー,デストロイヤー,アーキテクト,ウロボロス,アルケミスト,1,SVAROG,O,3005,★,ストライカー
2022-08-07 00:30:16,19,ハンター,イントゥルーダー,デストロイヤー,アーキテクト,ウロボロス,アルケミスト,0,SVAROG,O,3008,★,プラウラー
2022-08-07 14:24:59,14,エクスキューショナー,80,PULSE,O,3009,★,ジャガー
2022-08-07 14:25:05,14,エクスキューショナー,79,PULSE,O,3002,★,ヴェスピド
2022-08-07 14:25:12,14,エクスキューショナー,78,PULSE,O,3009,★,ジャガー
2022-08-07 14:25:19,14,エクスキューショナー,77,PULSE,O,3001,★,リッパー
2022-08-07 14:25:25,14,エクスキューショナー,76,PULSE,O,3003,★,ガード
2022-08-07 14:25:33,14,エクスキューショナー,75,SVAROG,O,2002,★★,ドラグーン
2022-08-07 14:25:37,14,エクスキューショナー,74,SVAROG,O,3001,★,リッパー
2022-08-07 14:25:39,14,エクスキューショナー,73,SVAROG,O,3010,★,ゴリアテ工場
2022-08-07 14:25:42,14,エクスキューショナー,72,SVAROG,O,2014,★★,イージスSWAP
2022-08-07 14:25:42,14,エクスキューショナー,71,SVAROG,O,3005,★,ストライカー
2022-08-07 14:25:42,14,エクスキューショナー,70,SVAROG,O,2001,★★,ブルート
2022-08-07 14:25:50,14,エクスキューショナー,69,SVAROG,O,2004,★★,ニーマム
2022-08-07 14:25:50,14,エクスキューショナー,68,SVAROG,O,3003,★,ガード
2022-08-07 14:25:50,14,エクスキューショナー,67,SVAROG,O,3006,★,ダイナーゲート
2022-08-07 14:25:53,14,エクスキューショナー,66,SVAROG,O,2004,★★,ニーマム
2022-08-07 14:25:53,14,エクスキューショナー,65,SVAROG,O,3002,★,ヴェスピド
2022-08-07 14:25:53,14,エクスキューショナー,64,SVAROG,O,3007,★,スカウト
2022-08-07 14:27:08,14,エクスキューショナー,63,SVAROG,O,2006,★★,マンティコア
2022-08-07 14:27:08,14,エクスキューショナー,62,SVAROG,O,3006,★,ダイナーゲート
2022-08-07 14:27:08,14,エクスキューショナー,61,SVAROG,O,3002,★,ヴェスピド
2022-08-07 14:28:48,14,エクスキューショナー,60,SVAROG,O,2001,★★,ブルート
2022-08-07 14:28:48,14,エクスキューショナー,59,SVAROG,O,3005,★,ストライカー
2022-08-07 14:28:48,14,エクスキューショナー,58,SVAROG,O,2006,★★,マンティコア
2022-08-07 14:28:52,14,エクスキューショナー,57,SVAROG,O,3004,★,イェーガー
2022-08-07 14:28:52,14,エクスキューショナー,56,SVAROG,O,3005,★,ストライカー
2022-08-07 14:28:52,14,エクスキューショナー,55,SVAROG,O,3001,★,リッパー
2022-08-07 14:28:59,14,エクスキューショナー,54,SVAROG,O,3002,★,ヴェスピド
2022-08-07 14:28:59,14,エクスキューショナー,53,SVAROG,O,3009,★,ジャガー
2022-08-07 14:28:59,14,エクスキューショナー,52,SVAROG,O,3005,★,ストライカー
2022-08-07 14:29:03,14,エクスキューショナー,51,SVAROG,O,3005,★,ストライカー
2022-08-07 14:29:03,14,エクスキューショナー,50,SVAROG,O,3003,★,ガード
2022-08-07 14:29:03,14,エクスキューショナー,49,SVAROG,O,3008,★,プラウラー
2022-08-07 14:29:06,14,エクスキューショナー,48,SVAROG,O,2006,★★,マンティコア
2022-08-07 14:29:06,14,エクスキューショナー,47,SVAROG,O,3007,★,スカウト
2022-08-07 14:29:06,14,エクスキューショナー,46,SVAROG,O,3003,★,ガード
2022-08-07 14:29:09,14,エクスキューショナー,45,SVAROG,O,3005,★,ストライカー
2022-08-07 14:29:09,14,エクスキューショナー,44,SVAROG,O,3009,★,ジャガー
2022-08-07 14:29:09,14,エクスキューショナー,43,SVAROG,O,2003,★★,イージス
2022-08-07 14:29:50,14,エクスキューショナー,42,SVAROG,O,3001,★,リッパー
2022-08-07 14:29:50,14,エクスキューショナー,41,SVAROG,O,2001,★★,ブルート
2022-08-07 14:29:50,14,エクスキューショナー,40,SVAROG,O,3008,★,プラウラー
2022-08-07 14:29:57,14,エクスキューショナー,39,SVAROG,O,3002,★,ヴェスピド
2022-08-07 14:29:57,14,エクスキューショナー,38,SVAROG,O,2005,★★,タランチュラ
2022-08-07 14:29:57,14,エクスキューショナー,37,SVAROG,O,3010,★,ゴリアテ工場
2022-08-07 14:30:00,14,エクスキューショナー,36,SVAROG,O,3002,★,ヴェスピド
2022-08-07 14:30:00,14,エクスキューショナー,35,SVAROG,O,2003,★★,イージス
2022-08-07 14:30:00,14,エクスキューショナー,34,SVAROG,O,3004,★,イェーガー
2022-08-07 14:30:03,14,エクスキューショナー,33,SVAROG,O,2001,★★,ブルート
2022-08-07 14:30:03,14,エクスキューショナー,32,SVAROG,O,2002,★★,ドラグーン
2022-08-07 14:30:03,14,エクスキューショナー,31,SVAROG,O,3010,★,ゴリアテ工場
2022-08-07 14:30:07,14,エクスキューショナー,30,SVAROG,O,3007,★,スカウト
2022-08-07 14:30:07,14,エクスキューショナー,29,SVAROG,O,2004,★★,ニーマム
2022-08-07 14:30:07,14,エクスキューショナー,28,SVAROG,O,3004,★,イェーガー
2022-08-07 14:30:13,14,エクスキューショナー,27,SVAROG,O,2005,★★,タランチュラ
2022-08-07 14:30:13,14,エクスキューショナー,26,SVAROG,O,1002,★★★,エクスキューショナー
2022-08-07 14:30:13,14,エクスキューショナー,25,SVAROG,O,3003,★,ガード
2022-08-07 14:31:05,14,エクスキューショナー,24,SVAROG,O,3007,★,スカウト
2022-08-07 14:31:09,14,エクスキューショナー,23,SVAROG,O,2005,★★,タランチュラ
2022-08-07 14:31:12,14,エクスキューショナー,22,SVAROG,O,3005,★,ストライカー
2022-08-07 14:31:14,14,エクスキューショナー,21,SVAROG,O,3001,★,リッパー
2022-08-07 14:31:17,14,エクスキューショナー,20,SVAROG,O,3001,★,リッパー
2022-08-07 14:31:20,14,エクスキューショナー,19,SVAROG,O,2003,★★,イージス
2022-08-07 14:31:22,14,エクスキューショナー,18,SVAROG,O,3010,★,ゴリアテ工場
2022-08-07 14:31:24,14,エクスキューショナー,17,SVAROG,O,3008,★,プラウラー
2022-08-07 14:31:26,14,エクスキューショナー,16,SVAROG,O,3009,★,ジャガー
2022-08-07 14:31:28,14,エクスキューショナー,15,SVAROG,O,2002,★★,ドラグーン
2022-08-07 14:31:34,14,エクスキューショナー,14,SVAROG,O,3009,★,ジャガー
2022-08-07 14:31:37,14,エクスキューショナー,13,SVAROG,O,3004,★,イェーガー
2022-08-07 14:31:39,14,エクスキューショナー,12,SVAROG,O,3007,★,スカウト
2022-08-07 14:32:55,14,エクスキューショナー,11,SVAROG,O,3006,★,ダイナーゲート
2022-08-07 14:32:59,14,エクスキューショナー,10,SVAROG,O,3009,★,ジャガー
2022-08-07 14:33:02,14,エクスキューショナー,9,SVAROG,O,3003,★,ガード
2022-08-07 14:33:04,14,エクスキューショナー,8,SVAROG,O,2006,★★,マンティコア
2022-08-07 14:33:06,14,エクスキューショナー,7,SVAROG,O,3010,★,ゴリアテ工場
2022-08-07 14:33:09,14,エクスキューショナー,6,SVAROG,O,2014,★★,イージスSWAP
2022-08-07 14:33:12,14,エクスキューショナー,5,SVAROG,O,3006,★,ダイナーゲート
2022-08-07 14:33:15,14,エクスキューショナー,4,SVAROG,O,2004,★★,ニーマム
2022-08-12 20:15:11,22,,99,PULSE,O,3009,★,ジャガー
2022-08-12 20:15:31,22,,98,PULSE,O,3004,★,イェーガー
2022-08-12 20:15:47,22,,97,PULSE,O,3008,★,プラウラー
2022-08-12 20:16:07,22,,96,PULSE,O,3005,★,ストライカー
2022-08-15 21:18:43,22,,87,PULSE,O,3007,★,スカウト
2022-08-16 19:37:38,22,,86,PULSE,O,3002,★,ヴェスピド
2022-08-16 19:37:45,22,,85,PULSE,O,3001,★,リッパー
2022-08-16 19:37:54,22,,84,PULSE,O,2004,★★,ニーマム
2022-08-18 21:18:47,22,アーキテクト-NVW型,83,PULSE,O,3006,★,ダイナーゲート
2022-08-18 21:18:54,22,アーキテクト-NVW型,82,PULSE,O,3001,★,リッパー
2022-08-18 21:19:36,22,アーキテクト-NVW型,81,PULSE,O,3004,★,イェーガー
2022-08-18 21:19:42,22,アーキテクト-NVW型,80,PULSE,O,3001,★,リッパー
2022-08-18 21:19:49,22,アーキテクト-NVW型,79,PULSE,O,3003,★,ガード
2022-08-18 21:20:58,22,アーキテクト-NVW型,78,PULSE,O,3005,★,ストライカー
2022-08-18 21:22:55,22,アーキテクト-NVW型,77,PULSE,O,3002,★,ヴェスピド
2022-08-19 21:11:13,22,アーキテクト-NVW型,76,PULSE,O,2018,★★,サメの楽園
2022-08-19 21:11:21,22,アーキテクト-NVW型,75,PULSE,O,3001,★,リッパー
2022-08-21 21:25:54,22,アーキテクト-NVW型,74,PULSE,O,3009,★,ジャガー
2022-08-21 21:26:13,22,アーキテクト-NVW型,73,PULSE,O,3010,★,ゴリアテ工場
2022-08-21 21:26:35,22,アーキテクト-NVW型,72,PULSE,O,3009,★,ジャガー
2022-08-21 21:26:52,22,アーキテクト-NVW型,71,PULSE,O,3002,★,ヴェスピド
2022-08-21 21:27:11,22,アーキテクト-NVW型,70,PULSE,O,3003,★,ガード
2022-08-21 21:38:07,22,アーキテクト-NVW型,69,PULSE,O,3010,★,ゴリアテ工場
2022-08-21 21:39:47,22,アーキテクト-NVW型,68,PULSE,O,3004,★,イェーガー
2022-08-21 21:40:12,22,アーキテクト-NVW型,67,PULSE,O,3001,★,リッパー
2022-08-21 21:40:29,22,アーキテクト-NVW型,66,PULSE,O,3003,★,ガード
2022-08-21 21:40:51,22,アーキテクト-NVW型,65,PULSE,O,3010,★,ゴリアテ工場
2022-08-21 21:41:43,22,アーキテクト-NVW型,64,PULSE,O,3006,★,ダイナーゲート
2022-08-21 21:42:02,22,アーキテクト-NVW型,63,PULSE,O,3008,★,プラウラー
2022-08-21 21:42:26,22,アーキテクト-NVW型,62,PULSE,O,3004,★,イェーガー
2022-08-23 21:44:07,22,アーキテクト-NVW型,61,PULSE,O,3009,★,ジャガー
2022-08-23 21:44:15,22,アーキテクト-NVW型,60,PULSE,O,3001,★,リッパー
2022-08-24 21:43:13,22,アーキテクト-NVW型,59,PULSE,O,2015,★★,イェーガーSWAP
2022-08-24 21:43:20,22,アーキテクト-NVW型,58,PULSE,O,3006,★,ダイナーゲート
2022-08-24 21:43:32,22,アーキテクト-NVW型,58,PULSE,X,2005,★★,タランチュラ
2022-08-24 21:43:40,22,アーキテクト-NVW型,58,PULSE,X,2015,★★,イェーガーSWAP
2022-08-24 21:43:46,22,アーキテクト-NVW型,57,PULSE,O,3008,★,プラウラー
2022-08-29 20:30:01,22,アーキテクト-NVW型,98,PULSE,O,3008,★,プラウラー
2022-08-29 20:30:16,22,アーキテクト-NVW型,97,PULSE,O,3005,★,ストライカー
2022-08-29 20:30:37,22,アーキテクト-NVW型,96,PULSE,O,3001,★,リッパー
2022-08-29 20:37:51,22,アーキテクト-NVW型,96,PULSE,X,2015,★★,イェーガーSWAP
2022-08-29 20:38:12,22,アーキテクト-NVW型,95,PULSE,O,3008,★,プラウラー
2022-08-30 19:53:48,22,アーキテクト-NVW型,94,PULSE,O,3002,★,ヴェスピド
2022-08-30 19:53:54,22,アーキテクト-NVW型,93,PULSE,O,3005,★,ストライカー
2022-08-31 08:16:23,22,アーキテクト-NVW型,92,PULSE,O,3004,★,イェーガー
2022-08-31 08:16:40,22,アーキテクト-NVW型,91,PULSE,O,3001,★,リッパー
2022-08-31 08:16:55,22,アーキテクト-NVW型,90,PULSE,O,3002,★,ヴェスピド
2022-08-31 08:17:25,22,アーキテクト-NVW型,89,SVAROG,O,2008,★★,ガードSWAP
2022-08-31 08:17:25,22,アーキテクト-NVW型,88,SVAROG,O,3001,★,リッパー
2022-08-31 08:17:25,22,アーキテクト-NVW型,87,SVAROG,O,2004,★★,ニーマム
2022-08-31 20:01:21,22,アーキテクト-NVW型,86,PULSE,O,3010,★,ゴリアテ工場
2022-09-01 20:36:40,22,アーキテクト-NVW型,85,PULSE,O,3008,★,プラウラー
2022-09-01 20:37:00,22,アーキテクト-NVW型,84,PULSE,O,3007,★,スカウト
2022-09-01 20:38:38,22,アーキテクト-NVW型,83,SVAROG,O,3006,★,ダイナーゲート
2022-09-01 20:38:38,22,アーキテクト-NVW型,82,SVAROG,O,3006,★,ダイナーゲート
2022-09-01 20:38:38,22,アーキテクト-NVW型,81,SVAROG,O,3010,★,ゴリアテ工場
2022-09-01 20:39:11,22,アーキテクト-NVW型,80,SVAROG,O,3001,★,リッパー
2022-09-01 20:39:11,22,アーキテクト-NVW型,79,SVAROG,O,3010,★,ゴリアテ工場
2022-09-01 20:39:11,22,アーキテクト-NVW型,78,SVAROG,O,3006,★,ダイナーゲート
2022-09-01 20:39:17,22,アーキテクト-NVW型,77,SVAROG,O,3001,★,リッパー
2022-09-01 20:39:17,22,アーキテクト-NVW型,76,SVAROG,O,2018,★★,サメの楽園
2022-09-01 20:39:17,22,アーキテクト-NVW型,75,SVAROG,O,2015,★★,イェーガーSWAP
2022-09-01 20:39:21,22,アーキテクト-NVW型,74,SVAROG,O,2005,★★,タランチュラ
2022-09-01 20:39:21,22,アーキテクト-NVW型,73,SVAROG,O,3010,★,ゴリアテ工場
2022-09-01 20:39:21,22,アーキテクト-NVW型,72,SVAROG,O,3007,★,スカウト
2022-09-01 20:39:27,22,アーキテクト-NVW型,71,SVAROG,O,3003,★,ガード
2022-09-01 20:39:27,22,アーキテクト-NVW型,70,SVAROG,O,3004,★,イェーガー
2022-09-01 20:39:27,22,アーキテクト-NVW型,69,SVAROG,O,2008,★★,ガードSWAP
2022-09-01 20:47:38,22,アーキテクト-NVW型,68,SVAROG,O,2008,★★,ガードSWAP
2022-09-01 20:47:38,22,アーキテクト-NVW型,67,SVAROG,O,2005,★★,タランチュラ
2022-09-01 20:47:38,22,アーキテクト-NVW型,66,SVAROG,O,3002,★,ヴェスピド
2022-09-01 20:47:49,22,アーキテクト-NVW型,65,SVAROG,O,3009,★,ジャガー
2022-09-01 20:47:49,22,アーキテクト-NVW型,64,SVAROG,O,2008,★★,ガードSWAP
2022-09-01 20:47:49,22,アーキテクト-NVW型,63,SVAROG,O,3003,★,ガード
2022-09-01 20:48:09,22,アーキテクト-NVW型,62,SVAROG,O,3001,★,リッパー
2022-09-01 20:48:09,22,アーキテクト-NVW型,61,SVAROG,O,3004,★,イェーガー
2022-09-01 20:48:09,22,アーキテクト-NVW型,60,SVAROG,O,2004,★★,ニーマム
2022-09-01 20:48:14,22,アーキテクト-NVW型,59,SVAROG,O,3003,★,ガード
2022-09-01 20:48:14,22,アーキテクト-NVW型,58,SVAROG,O,2015,★★,イェーガーSWAP
2022-09-01 20:48:14,22,アーキテクト-NVW型,57,SVAROG,O,2015,★★,イェーガーSWAP
2022-09-01 20:48:18,22,アーキテクト-NVW型,56,SVAROG,O,3002,★,ヴェスピド
2022-09-01 20:48:18,22,アーキテクト-NVW型,55,SVAROG,O,2009,★★,リッパーSWAP
2022-09-01 20:48:18,22,アーキテクト-NVW型,54,SVAROG,O,3008,★,プラウラー
2022-09-01 20:51:14,22,アーキテクト-NVW型,53,SVAROG,O,2018,★★,サメの楽園
2022-09-01 20:51:14,22,アーキテクト-NVW型,52,SVAROG,O,3006,★,ダイナーゲート
2022-09-01 20:51:14,22,アーキテクト-NVW型,51,SVAROG,O,3009,★,ジャガー
2022-09-01 20:51:34,22,アーキテクト-NVW型,50,SVAROG,O,3004,★,イェーガー
2022-09-01 20:51:34,22,アーキテクト-NVW型,49,SVAROG,O,2004,★★,ニーマム
2022-09-01 20:51:34,22,アーキテクト-NVW型,48,SVAROG,O,2009,★★,リッパーSWAP
2022-09-01 20:51:38,22,アーキテクト-NVW型,47,SVAROG,O,3003,★,ガード
2022-09-01 20:51:38,22,アーキテクト-NVW型,46,SVAROG,O,2006,★★,マンティコア
2022-09-01 20:51:38,22,アーキテクト-NVW型,45,SVAROG,O,2006,★★,マンティコア
2022-09-01 20:56:48,22,アーキテクト-NVW型,44,SVAROG,O,3002,★,ヴェスピド
2022-09-01 20:56:48,22,アーキテクト-NVW型,43,SVAROG,O,3005,★,ストライカー
2022-09-01 20:56:48,22,アーキテクト-NVW型,42,SVAROG,O,2006,★★,マンティコア
2022-09-01 20:56:53,22,アーキテクト-NVW型,41,SVAROG,O,3010,★,ゴリアテ工場
2022-09-01 20:56:53,22,アーキテクト-NVW型,40,SVAROG,O,3009,★,ジャガー
2022-09-01 20:56:53,22,アーキテクト-NVW型,39,SVAROG,O,3010,★,ゴリアテ工場
2022-09-01 20:56:57,22,アーキテクト-NVW型,38,SVAROG,O,2009,★★,リッパーSWAP
2022-09-01 20:56:57,22,アーキテクト-NVW型,37,SVAROG,O,3004,★,イェーガー
2022-09-01 20:56:57,22,アーキテクト-NVW型,36,SVAROG,O,2018,★★,サメの楽園
2022-09-01 20:57:01,22,アーキテクト-NVW型,35,SVAROG,O,3005,★,ストライカー
2022-09-01 20:57:01,22,アーキテクト-NVW型,34,SVAROG,O,3001,★,リッパー
2022-09-01 20:57:01,22,アーキテクト-NVW型,33,SVAROG,O,2015,★★,イェーガーSWAP
2022-09-01 21:14:15,22,アーキテクト-NVW型,32,SVAROG,O,3009,★,ジャガー
2022-09-01 21:14:15,22,アーキテクト-NVW型,31,SVAROG,O,2009,★★,リッパーSWAP
2022-09-01 21:14:15,22,アーキテクト-NVW型,30,SVAROG,O,3004,★,イェーガー
2022-09-01 21:14:19,22,アーキテクト-NVW型,29,SVAROG,O,2018,★★,サメの楽園
2022-09-01 21:14:19,22,アーキテクト-NVW型,28,SVAROG,O,3008,★,プラウラー
2022-09-01 21:14:19,22,アーキテクト-NVW型,27,SVAROG,O,3006,★,ダイナーゲート
2022-09-01 21:14:25,22,アーキテクト-NVW型,26,SVAROG,O,1015,★★★,アーキテクト-NVW型
2022-09-01 21:14:25,22,アーキテクト-NVW型,25,SVAROG,O,3008,★,プラウラー
2022-09-09 17:09:34,13,,99,PULSE,O,3003,★,ガード
2022-09-09 17:09:41,13,,99,PULSE,X,0,,Unknown
2022-09-09 17:09:46,13,,98,PULSE,O,3010,★,ゴリアテ工場
2022-09-09 17:09:52,13,,97,PULSE,O,3008,★,プラウラー
2022-09-09 17:09:58,13,,96,PULSE,O,3003,★,ガード
2022-09-09 17:10:05,13,,95,PULSE,O,2013,★★,ストライカーSWAP
2022-09-09 17:10:11,13,,94,PULSE,O,3006,★,ダイナーゲート
2022-09-12 17:14:46,13,,93,PULSE,O,1013,,Unknown
2022-09-12 17:15:44,13,,99,PULSE,O,3008,★,プラウラー
2022-09-12 17:15:51,13,,98,PULSE,O,3005,★,ストライカー
2022-09-12 17:15:57,13,,97,PULSE,O,3006,★,ダイナーゲート
2022-09-12 17:16:03,13,,96,PULSE,O,3010,★,ゴリアテ工場
2022-09-12 17:16:09,13,,95,PULSE,O,3008,★,プラウラー
2022-09-12 17:16:15,13,,94,PULSE,O,3003,★,ガード
2022-09-12 17:16:23,13,,93,PULSE,O,3007,★,スカウト
2022-09-12 17:16:32,13,,92,PULSE,O,3009,★,ジャガー
2022-09-12 17:16:39,13,,91,PULSE,O,3008,★,プラウラー
2022-09-12 17:16:48,13,,90,PULSE,O,3002,★,ヴェスピド
2022-09-12 17:16:56,13,,89,PULSE,O,3005,★,ストライカー
2022-09-12 17:17:08,13,,89,PULSE,X,0,,Unknown
2022-09-15 17:20:51,13,アデリン,88,PULSE,O,3008,★,プラウラー
2022-09-15 17:22:45,13,アデリン,87,PULSE,O,3003,★,ガード
2022-09-15 17:22:58,13,アデリン,86,PULSE,O,1013,★★★,アデリン
2022-09-18 16:58:59,13,アデリン,99,PULSE,O,3010,★,ゴリアテ工場
2022-09-18 16:59:07,13,アデリン,98,PULSE,O,3010,★,ゴリアテ工場
2022-09-18 16:59:12,13,アデリン,97,PULSE,O,3001,★,リッパー
2022-09-18 17:01:53,13,アデリン,96,PULSE,O,3004,★,イェーガー
2022-09-18 17:03:01,13,アデリン,95,PULSE,O,3003,★,ガード
2022-09-18 17:03:26,13,アデリン,94,PULSE,O,3005,★,ストライカー
2022-09-18 17:08:02,13,アデリン,93,PULSE,O,3009,★,ジャガー
2022-09-18 17:08:31,13,アデリン,92,PULSE,O,3007,★,スカウト
2022-09-18 17:35:20,13,アデリン,91,PULSE,O,3005,★,ストライカー
2022-09-18 17:35:26,13,アデリン,90,PULSE,O,3010,★,ゴリアテ工場
2022-09-20 23:19:23,13,アデリン,89,PULSE,O,3008,★,プラウラー
2022-09-20 23:21:29,13,アデリン,88,PULSE,O,3007,★,スカウト
2022-09-20 23:22:58,13,アデリン,87,PULSE,O,3008,★,プラウラー
2022-09-20 23:23:04,13,アデリン,86,PULSE,O,3009,★,ジャガー
2022-09-21 17:06:53,13,アデリン,85,PULSE,O,3003,★,ガード
2022-09-21 21:32:27,13,アデリン,84,PULSE,O,3003,★,ガード
2022-09-23 01:09:28,13,アデリン,83,PULSE,O,3007,★,スカウト
2022-09-26 10:46:18,13,アデリン,82,PULSE,O,3007,★,スカウト
2022-09-26 10:46:36,13,アデリン,81,PULSE,O,3006,★,ダイナーゲート
2022-09-26 10:46:50,13,アデリン,80,PULSE,O,3010,★,ゴリアテ工場
2022-09-26 11:11:52,13,アデリン,79,PULSE,O,3006,★,ダイナーゲート
2022-09-29 11:17:14,13,アデリン,78,PULSE,O,3004,★,イェーガー
2022-09-29 22:48:32,13,アデリン,77,PULSE,O,3007,★,スカウト
2022-09-29 22:48:50,13,アデリン,76,PULSE,O,3005,★,ストライカー
2022-09-29 22:49:05,13,アデリン,75,PULSE,O,3002,★,ヴェスピド
2022-09-29 22:49:23,13,アデリン,74,PULSE,O,3004,★,イェーガー
2022-09-29 22:49:52,13,アデリン,73,PULSE,O,3009,★,ジャガー
2022-09-29 22:52:23,13,アデリン,72,PULSE,O,3008,★,プラウラー
2022-09-30 00:42:00,13,アデリン,71,PULSE,O,3008,★,プラウラー
2022-09-30 00:43:00,13,アデリン,70,PULSE,O,3003,★,ガード
2022-09-30 00:44:20,13,アデリン,69,PULSE,O,3009,★,ジャガー
2022-09-30 00:45:32,13,アデリン,68,PULSE,O,3010,★,ゴリアテ工場
2022-10-02 11:17:36,13,アデリン,67,PULSE,O,3007,★,スカウト
2022-10-02 11:18:01,13,アデリン,66,PULSE,O,3005,★,ストライカー
2022-10-02 11:18:19,13,アデリン,65,PULSE,O,3001,★,リッパー
2022-10-02 11:18:37,13,アデリン,64,PULSE,O,3003,★,ガード
2022-10-02 11:18:56,13,アデリン,63,PULSE,O,3006,★,ダイナーゲート
2022-10-02 11:19:24,13,アデリン,62,PULSE,O,3004,★,イェーガー
2022-10-02 11:19:47,13,アデリン,61,PULSE,O,3008,★,プラウラー
2022-10-02 22:49:15,13,アデリン,60,PULSE,O,3005,★,ストライカー
2022-10-05 11:25:15,13,アデリン,59,PULSE,O,3001,★,リッパー
2022-10-05 11:38:47,13,アデリン,58,PULSE,O,3008,★,プラウラー
2022-10-05 11:39:39,13,アデリン,57,PULSE,O,3006,★,ダイナーゲート
2022-10-05 13:14:18,13,アデリン,56,PULSE,O,3010,★,ゴリアテ工場
2022-10-05 13:16:28,13,アデリン,55,PULSE,O,3004,★,イェーガー
2022-10-05 13:29:53,13,アデリン,54,PULSE,O,3002,★,ヴェスピド
2022-10-05 14:50:53,17,イントゥルーダー,99,PULSE,O,3008,★,プラウラー
2022-10-05 14:51:16,17,イントゥルーダー,98,PULSE,O,3007,★,スカウト
2022-10-05 19:13:13,13,アデリン,53,PULSE,O,3003,★,ガード
2022-10-05 22:49:30,13,アデリン,52,PULSE,O,3010,★,ゴリアテ工場
2022-10-07 08:46:55,13,アデリン,51,SVAROG,O,2011,★★,プラウラーSWAP
2022-10-07 08:47:20,13,アデリン,50,SVAROG,O,2001,★★,ブルート
2022-10-07 08:47:33,13,アデリン,49,SVAROG,O,2013,★★,ストライカーSWAP
2022-10-07 08:47:51,13,アデリン,48,SVAROG,O,2013,★★,ストライカーSWAP
2022-10-07 08:47:59,13,アデリン,47,SVAROG,O,2014,★★,イージスSWAP
2022-10-07 08:48:11,13,アデリン,46,PULSE,O,3005,★,ストライカー
2022-10-07 08:48:30,13,アデリン,45,PULSE,O,3004,★,イェーガー
2022-10-07 08:48:49,13,アデリン,44,PULSE,O,3006,★,ダイナーゲート
2022-10-07 08:50:20,13,アデリン,43,SVAROG,O,2012,★★,ドラグーンSWAP
2022-10-07 08:50:20,13,アデリン,42,SVAROG,O,3006,★,ダイナーゲート
2022-10-07 08:50:20,13,アデリン,41,SVAROG,O,2014,★★,イージスSWAP
2022-10-07 09:09:45,17,イントゥルーダー,97,SVAROG,O,3004,★,イェーガー
2022-10-07 09:09:55,13,アデリン,24,SVAROG,O,3002,★,ヴェスピド
2022-10-07 09:10:01,13,アデリン,23,SVAROG,O,2010,★★,ヴェスピドSWAP
2022-10-07 09:10:07,13,アデリン,22,SVAROG,O,3005,★,ストライカー
2022-10-07 09:10:18,13,アデリン,21,SVAROG,O,2015,★★,イェーガーSWAP
2022-10-07 09:10:33,13,アデリン,20,SVAROG,O,3009,★,ジャガー
2022-10-07 09:10:41,13,アデリン,19,SVAROG,O,2012,★★,ドラグーンSWAP
2022-10-07 09:10:48,13,アデリン,18,SVAROG,O,2001,★★,ブルート
2022-10-07 09:13:18,13,アデリン,17,SVAROG,O,2011,★★,プラウラーSWAP
2022-10-07 09:14:02,13,アデリン,16,SVAROG,O,2013,★★,ストライカーSWAP
2022-10-07 09:14:07,13,アデリン,15,SVAROG,O,3004,★,イェーガー
2022-10-07 09:14:18,13,アデリン,14,SVAROG,O,3002,★,ヴェスピド
2022-10-07 09:16:04,13,アデリン,13,SVAROG,O,3001,★,リッパー
2022-10-07 09:16:09,13,アデリン,12,SVAROG,O,3002,★,ヴェスピド
2022-10-07 09:16:20,13,アデリン,11,SVAROG,O,2010,★★,ヴェスピドSWAP
2022-10-07 09:16:28,13,アデリン,10,SVAROG,O,3008,★,プラウラー
2022-10-07 09:16:33,13,アデリン,9,SVAROG,O,2015,★★,イェーガーSWAP
2022-10-07 09:16:40,13,アデリン,8,SVAROG,O,2014,★★,イージスSWAP
2022-10-07 09:16:48,13,アデリン,7,SVAROG,O,2001,★★,ブルート
2022-10-07 09:16:54,13,アデリン,6,SVAROG,O,3009,★,ジャガー
2022-10-07 09:17:00,13,アデリン,5,SVAROG,O,2012,★★,ドラグーンSWAP
2022-10-07 09:17:39,13,アデリン,4,SVAROG,O,2013,★★,ストライカーSWAP
2022-10-07 09:17:46,13,アデリン,3,SVAROG,O,2015,★★,イェーガーSWAP
2022-10-07 09:18:02,13,アデリン,3,PULSE,X,1013,★★★,アデリン
2022-10-07 09:18:21,13,アデリン,3,PULSE,X,1013,★★★,アデリン
2022-10-07 09:18:43,13,アデリン,2,PULSE,O,1013,★★★,アデリン
2022-10-11 22:49:59,17,イントゥルーダー,96,PULSE,O,3006,★,ダイナーゲート
2022-10-14 11:29:16,17,イントゥルーダー,95,PULSE,O,3004,★,イェーガー
2022-10-14 22:50:24,17,イントゥルーダー,94,PULSE,O,3007,★,スカウト
2022-10-14 22:50:40,17,イントゥルーダー,93,PULSE,O,3009,★,ジャガー
2022-10-14 22:51:40,17,イントゥルーダー,92,PULSE,O,3005,★,ストライカー
2022-10-14 22:51:47,17,イントゥルーダー,91,PULSE,O,3005,★,ストライカー
2022-10-14 22:51:55,17,イントゥルーダー,91,PULSE,X,2004,★★,ニーマム
2022-10-14 22:52:02,17,イントゥルーダー,90,PULSE,O,3003,★,ガード
2022-10-14 22:52:09,17,イントゥルーダー,89,PULSE,O,3008,★,プラウラー
2022-10-14 22:52:15,17,イントゥルーダー,88,PULSE,O,3001,★,リッパー
2022-10-17 23:07:10,17,イントゥルーダー,87,PULSE,O,3004,★,イェーガー
2022-10-17 23:07:17,17,イントゥルーダー,87,PULSE,X,2015,★★,イェーガーSWAP
2022-10-17 23:07:33,17,イントゥルーダー,86,PULSE,O,3003,★,ガード
2022-10-17 23:07:45,17,イントゥルーダー,85,PULSE,O,2004,★★,ニーマム
2022-10-24 17:57:46,27,,92,PULSE,O,3010,★,ゴリアテ工場
2022-10-24 18:22:41,27,,91,PULSE,O,3008,★,プラウラー
2022-10-24 20:25:19,27,,90,PULSE,O,3005,★,ストライカー
2022-10-24 20:25:33,27,,89,PULSE,O,3002,★,ヴェスピド
2022-10-24 20:25:49,27,,88,PULSE,O,3008,★,プラウラー
2022-10-24 20:26:08,27,,87,PULSE,O,2017,,Unknown
2022-10-24 20:26:29,27,,86,PULSE,O,3007,★,スカウト
2022-10-24 20:26:47,27,,85,PULSE,O,3005,★,ストライカー
2022-10-24 20:27:07,27,,84,PULSE,O,3010,★,ゴリアテ工場
2022-10-24 20:34:14,27,,83,PULSE,O,3007,★,スカウト
2022-10-24 20:35:02,27,,82,PULSE,O,3001,★,リッパー
2022-10-24 21:06:18,27,,81,PULSE,O,3001,★,リッパー
2022-10-27 18:07:36,27,イントゥルーダー-終幕の魔女,80,PULSE,O,3008,★,プラウラー
2022-10-27 18:07:57,27,イントゥルーダー-終幕の魔女,79,PULSE,O,3009,★,ジャガー
2022-10-30 19:10:27,27,イントゥルーダー-終幕の魔女,78,PULSE,O,3010,★,ゴリアテ工場
2022-10-30 19:12:24,27,イントゥルーダー-終幕の魔女,77,PULSE,O,3005,★,ストライカー
2022-10-30 19:20:10,18,デストロイヤー,100,PULSE,X,1005,★★★,デストロイヤー
2022-10-30 19:20:52,27,イントゥルーダー-終幕の魔女,76,PULSE,O,3006,★,ダイナーゲート
2022-10-30 19:21:43,27,イントゥルーダー-終幕の魔女,75,PULSE,O,3003,★,ガード
2022-10-30 19:25:45,27,イントゥルーダー-終幕の魔女,74,PULSE,O,3005,★,ストライカー
2022-10-30 19:26:58,27,イントゥルーダー-終幕の魔女,73,PULSE,O,3001,★,リッパー
2022-10-30 19:28:03,27,イントゥルーダー-終幕の魔女,72,PULSE,O,3010,★,ゴリアテ工場
2022-10-30 19:55:17,27,イントゥルーダー-終幕の魔女,71,PULSE,O,3009,★,ジャガー
2022-11-02 19:12:34,27,イントゥルーダー-終幕の魔女,70,PULSE,O,3005,★,ストライカー
2022-11-02 19:14:08,27,イントゥルーダー-終幕の魔女,69,PULSE,O,3009,★,ジャガー
2022-11-02 19:15:22,27,イントゥルーダー-終幕の魔女,68,PULSE,O,3010,★,ゴリアテ工場
2022-11-02 19:17:05,27,イントゥルーダー-終幕の魔女,67,PULSE,O,3002,★,ヴェスピド
2022-11-02 21:15:57,18,デストロイヤー,99,PULSE,O,3007,★,スカウト
2022-11-02 21:16:18,27,イントゥルーダー-終幕の魔女,66,PULSE,O,3005,★,ストライカー
2022-11-05 21:40:17,27,イントゥルーダー-終幕の魔女,65,PULSE,O,3006,★,ダイナーゲート
2022-11-05 21:50:15,27,イントゥルーダー-終幕の魔女,64,PULSE,O,3010,★,ゴリアテ工場
2022-11-05 21:56:04,27,イントゥルーダー-終幕の魔女,63,PULSE,O,3008,★,プラウラー
2022-11-05 22:00:24,27,イントゥルーダー-終幕の魔女,62,PULSE,O,3006,★,ダイナーゲート
2022-11-05 22:07:26,27,イントゥルーダー-終幕の魔女,61,PULSE,O,3001,★,リッパー
2022-11-05 22:11:04,27,イントゥルーダー-終幕の魔女,60,PULSE,O,3004,★,イェーガー
2022-11-05 22:28:05,27,イントゥルーダー-終幕の魔女,59,PULSE,O,3008,★,プラウラー
2022-11-05 22:41:04,27,イントゥルーダー-終幕の魔女,58,PULSE,O,3004,★,イェーガー
2022-11-05 22:49:57,27,イントゥルーダー-終幕の魔女,57,PULSE,O,3006,★,ダイナーゲート
2022-11-08 22:21:05,27,イントゥルーダー-終幕の魔女,56,PULSE,O,3004,★,イェーガー
2022-11-08 22:21:11,27,イントゥルーダー-終幕の魔女,55,PULSE,O,3009,★,ジャガー
2022-11-08 22:21:18,27,イントゥルーダー-終幕の魔女,54,PULSE,O,3009,★,ジャガー
2022-11-11 22:22:18,27,イントゥルーダー-終幕の魔女,53,PULSE,O,3004,★,イェーガー
2022-11-11 22:22:36,27,イントゥルーダー-終幕の魔女,52,PULSE,O,3008,★,プラウラー
2022-11-11 22:22:52,27,イントゥルーダー-終幕の魔女,51,PULSE,O,3003,★,ガード
2022-11-11 22:23:08,27,イントゥルーダー-終幕の魔女,50,PULSE,O,3002,★,ヴェスピド
2022-11-11 22:23:26,27,イントゥルーダー-終幕の魔女,49,PULSE,O,3005,★,ストライカー
2022-11-11 22:23:45,27,イントゥルーダー-終幕の魔女,48,PULSE,O,3007,★,スカウト
2022-11-11 22:24:05,27,イントゥルーダー-終幕の魔女,47,SVAROG,O,2009,★★,リッパーSWAP
2022-11-11 22:24:08,27,イントゥルーダー-終幕の魔女,46,SVAROG,O,3006,★,ダイナーゲート
2022-11-11 22:24:10,27,イントゥルーダー-終幕の魔女,45,SVAROG,O,2017,★★,花嫁ゾンビ
2022-11-11 22:24:13,27,イントゥルーダー-終幕の魔女,44,SVAROG,O,3007,★,スカウト
2022-11-11 22:24:18,27,イントゥルーダー-終幕の魔女,43,SVAROG,O,2006,★★,マンティコア
2022-11-11 22:24:21,27,イントゥルーダー-終幕の魔女,42,SVAROG,O,2009,★★,リッパーSWAP
2022-11-11 22:24:24,27,イントゥルーダー-終幕の魔女,41,SVAROG,O,3003,★,ガード
2022-11-11 22:24:27,27,イントゥルーダー-終幕の魔女,40,SVAROG,O,2003,★★,イージス
2022-11-11 22:24:30,27,イントゥルーダー-終幕の魔女,39,SVAROG,O,2004,★★,ニーマム
2022-11-11 22:24:35,27,イントゥルーダー-終幕の魔女,38,SVAROG,O,2006,★★,マンティコア
2022-11-11 22:24:45,27,イントゥルーダー-終幕の魔女,37,SVAROG,O,3002,★,ヴェスピド
2022-11-11 22:24:47,27,イントゥルーダー-終幕の魔女,36,SVAROG,O,2017,★★,花嫁ゾンビ
2022-11-11 22:24:50,27,イントゥルーダー-終幕の魔女,35,SVAROG,O,2004,★★,ニーマム
2022-11-11 22:24:52,27,イントゥルーダー-終幕の魔女,34,SVAROG,O,2009,★★,リッパーSWAP
2022-11-11 22:24:54,27,イントゥルーダー-終幕の魔女,33,SVAROG,O,2005,★★,タランチュラ
2022-11-11 22:24:57,27,イントゥルーダー-終幕の魔女,32,SVAROG,O,2008,★★,ガードSWAP
2022-11-11 22:25:00,27,イントゥルーダー-終幕の魔女,31,SVAROG,O,2003,★★,イージス
2022-11-11 22:25:03,27,イントゥルーダー-終幕の魔女,30,SVAROG,O,2005,★★,タランチュラ
2022-11-11 22:27:14,27,イントゥルーダー-終幕の魔女,29,SVAROG,O,2004,★★,ニーマム
2022-11-11 22:27:19,27,イントゥルーダー-終幕の魔女,28,SVAROG,O,1016,★★★,イントゥルーダー-終幕の魔女
2022-11-16 17:42:31,27,イントゥルーダー-終幕の魔女,99,PULSE,O,2017,★★,花嫁ゾンビ
2022-11-17 23:49:11,27,イントゥルーダー-終幕の魔女,99,PULSE,X,2003,★★,イージス
2022-11-17 23:49:43,27,イントゥルーダー-終幕の魔女,98,PULSE,O,3006,★,ダイナーゲート
2022-11-18 17:26:48,16,アリーナ,99,PULSE,O,3006,★,ダイナーゲート
2022-11-18 17:27:10,16,アリーナ,98,PULSE,O,3008,★,プラウラー
2022-11-18 17:27:27,16,アリーナ,97,PULSE,O,3002,★,ヴェスピド
2022-11-18 17:27:49,16,アリーナ,96,PULSE,O,3004,★,イェーガー
2022-11-18 17:28:33,16,アリーナ,95,PULSE,O,3001,★,リッパー
2022-11-18 17:28:58,16,アリーナ,94,PULSE,O,3002,★,ヴェスピド
2022-11-20 00:53:35,16,アリーナ,99,PULSE,O,3010,★,ゴリアテ工場
2022-11-20 00:53:50,16,アリーナ,98,PULSE,O,3001,★,リッパー
2022-11-20 00:54:02,16,アリーナ,97,PULSE,O,3008,★,プラウラー
2022-11-20 00:54:11,16,アリーナ,96,PULSE,O,1014,★★★,アリーナ
2022-11-21 01:26:13,16,アリーナ,99,PULSE,O,3004,★,イェーガー
2022-11-21 01:26:34,16,アリーナ,98,PULSE,O,3006,★,ダイナーゲート
2022-11-21 18:08:04,16,アリーナ,97,PULSE,O,3010,★,ゴリアテ工場
2022-11-22 07:04:43,16,アリーナ,96,PULSE,O,3001,★,リッパー
2022-11-23 12:49:22,16,アリーナ,95,PULSE,O,3001,★,リッパー
2022-11-25 08:08:30,16,アリーナ,90,PULSE,O,3008,★,プラウラー
2022-11-25 20:40:18,16,アリーナ,89,PULSE,O,3003,★,ガード
2022-11-25 20:40:35,16,アリーナ,88,PULSE,O,3009,★,ジャガー
2022-11-25 20:40:52,16,アリーナ,87,PULSE,O,3009,★,ジャガー
2022-11-26 15:51:32,16,アリーナ,86,PULSE,O,3007,★,スカウト
2022-11-26 15:51:51,16,アリーナ,85,PULSE,O,3010,★,ゴリアテ工場
2022-11-27 12:44:40,16,アリーナ,84,PULSE,O,3002,★,ヴェスピド
2022-11-27 12:44:46,16,アリーナ,83,PULSE,O,3007,★,スカウト
2022-11-28 00:50:18,16,アリーナ,82,PULSE,O,3002,★,ヴェスピド
2022-11-28 19:44:54,16,アリーナ,81,PULSE,O,3005,★,ストライカー
2022-11-29 18:24:40,16,アリーナ,80,PULSE,O,3002,★,ヴェスピド
2022-11-29 18:24:58,16,アリーナ,79,PULSE,O,3003,★,ガード
2022-11-30 18:54:03,16,アリーナ,78,PULSE,O,3009,★,ジャガー
2022-11-30 18:54:24,16,アリーナ,77,PULSE,O,3003,★,ガード
2022-12-02 19:03:10,16,アリーナ,76,PULSE,O,3008,★,プラウラー
2022-12-02 19:03:38,16,アリーナ,75,PULSE,O,3007,★,スカウト
2022-12-02 19:03:54,16,アリーナ,74,PULSE,O,3006,★,ダイナーゲート
2022-12-02 19:04:01,16,アリーナ,73,PULSE,O,3004,★,イェーガー
2022-12-02 19:04:06,16,アリーナ,72,PULSE,O,3010,★,ゴリアテ工場
2022-12-02 19:04:45,16,アリーナ,71,PULSE,O,3001,★,リッパー
2022-12-02 19:05:01,16,アリーナ,71,PULSE,X,1014,★★★,アリーナ
2022-12-02 20:31:47,16,アリーナ,70,PULSE,O,3001,★,リッパー
2022-12-05 19:06:46,16,アリーナ,61,PULSE,O,3003,★,ガード
2022-12-05 19:08:01,16,アリーナ,60,PULSE,O,3008,★,プラウラー
2022-12-05 23:30:07,16,アリーナ,59,SVAROG,O,2001,★★,ブルート
2022-12-05 23:30:12,16,アリーナ,58,PULSE,O,3006,★,ダイナーゲート
2022-12-05 23:33:05,16,アリーナ,57,SVAROG,O,3009,★,ジャガー
2022-12-05 23:33:31,16,アリーナ,56,SVAROG,O,3003,★,ガード
2022-12-05 23:33:47,16,アリーナ,55,SVAROG,O,3002,★,ヴェスピド
2022-12-05 23:33:51,16,アリーナ,54,SVAROG,O,2011,★★,プラウラーSWAP
2022-12-05 23:33:55,16,アリーナ,53,SVAROG,O,3004,★,イェーガー
2022-12-05 23:33:58,16,アリーナ,52,SVAROG,O,2011,★★,プラウラーSWAP
2022-12-05 23:34:00,16,アリーナ,51,SVAROG,O,3002,★,ヴェスピド
2022-12-05 23:34:02,16,アリーナ,50,SVAROG,O,2014,★★,イージスSWAP
2022-12-05 23:34:07,16,アリーナ,49,SVAROG,O,3007,★,スカウト
2022-12-05 23:34:09,16,アリーナ,48,SVAROG,O,3008,★,プラウラー
2022-12-05 23:34:11,16,アリーナ,47,SVAROG,O,2013,★★,ストライカーSWAP
2022-12-05 23:34:13,16,アリーナ,46,SVAROG,O,3002,★,ヴェスピド
2022-12-05 23:34:15,16,アリーナ,45,SVAROG,O,2014,★★,イージスSWAP
2022-12-05 23:34:18,16,アリーナ,44,SVAROG,O,2001,★★,ブルート
2022-12-05 23:34:21,16,アリーナ,43,PULSE,O,3006,★,ダイナーゲート
2022-12-05 23:34:27,16,アリーナ,42,PULSE,O,3004,★,イェーガー
2022-12-05 23:35:41,16,アリーナ,41,PULSE,O,3001,★,リッパー
2022-12-05 23:35:46,16,アリーナ,40,PULSE,O,3009,★,ジャガー
2022-12-05 23:35:54,16,アリーナ,39,SVAROG,O,3010,★,ゴリアテ工場
2022-12-05 23:35:54,16,アリーナ,38,SVAROG,O,3005,★,ストライカー
2022-12-05 23:35:58,16,アリーナ,37,SVAROG,O,3005,★,ストライカー
2022-12-05 23:35:58,16,アリーナ,36,SVAROG,O,2014,★★,イージスSWAP
2022-12-05 23:36:01,16,アリーナ,35,SVAROG,O,2010,★★,ヴェスピドSWAP
2022-12-05 23:36:01,16,アリーナ,34,SVAROG,O,1014,★★★,アリーナ
2022-12-07 11:59:06,16,アリーナ,99,PULSE,O,3008,★,プラウラー
2022-12-07 19:35:45,16,アリーナ,98,PULSE,O,3003,★,ガード
2022-12-09 01:06:03,16,アリーナ,97,PULSE,O,3009,★,ジャガー
2022-12-10 21:12:40,16,アリーナ,97,PULSE,X,2011,★★,プラウラーSWAP
2022-12-10 21:13:00,16,アリーナ,96,PULSE,O,3001,★,リッパー
2022-12-12 08:39:42,16,アリーナ,95,PULSE,O,3005,★,ストライカー
2022-12-12 08:40:21,16,アリーナ,94,PULSE,O,3006,★,ダイナーゲート
2022-12-12 23:42:56,16,アリーナ,93,PULSE,O,3005,★,ストライカー
2022-12-12 23:43:02,16,アリーナ,92,PULSE,O,3009,★,ジャガー
2022-12-12 23:43:11,16,アリーナ,91,PULSE,O,3007,★,スカウト
2022-12-12 23:43:16,16,アリーナ,90,PULSE,O,3002,★,ヴェスピド
2022-12-12 23:43:21,16,アリーナ,89,PULSE,O,3002,★,ヴェスピド
2022-12-12 23:43:27,16,アリーナ,88,PULSE,O,3002,★,ヴェスピド
2022-12-12 23:43:35,16,アリーナ,87,PULSE,O,3007,★,スカウト
2022-12-12 23:43:40,16,アリーナ,86,PULSE,O,3002,★,ヴェスピド
2022-12-13 20:03:52,16,アリーナ,85,PULSE,O,3003,★,ガード
2022-12-13 20:04:12,16,アリーナ,84,PULSE,O,3003,★,ガード
2022-12-13 20:04:27,16,アリーナ,83,SVAROG,O,3001,★,リッパー
2022-12-13 20:04:27,16,アリーナ,82,SVAROG,O,2014,★★,イージスSWAP
2022-12-13 20:04:27,16,アリーナ,81,SVAROG,O,3009,★,ジャガー
2022-12-13 20:04:33,16,アリーナ,80,PULSE,O,3010,★,ゴリアテ工場
2022-12-13 20:04:48,16,アリーナ,79,SVAROG,O,3010,★,ゴリアテ工場
2022-12-13 20:04:48,16,アリーナ,78,SVAROG,O,3008,★,プラウラー
2022-12-13 20:04:52,16,アリーナ,77,SVAROG,O,3002,★,ヴェスピド
2022-12-13 20:04:52,16,アリーナ,76,SVAROG,O,3006,★,ダイナーゲート
2022-12-13 20:04:56,16,アリーナ,75,SVAROG,O,3009,★,ジャガー
2022-12-13 20:04:56,16,アリーナ,74,SVAROG,O,3010,★,ゴリアテ工場
2022-12-13 20:05:00,16,アリーナ,73,SVAROG,O,3005,★,ストライカー
2022-12-13 20:05:00,16,アリーナ,72,SVAROG,O,3006,★,ダイナーゲート
2022-12-13 20:05:04,16,アリーナ,71,SVAROG,O,2013,★★,ストライカーSWAP
2022-12-13 20:05:04,16,アリーナ,70,SVAROG,O,3007,★,スカウト
2022-12-15 18:21:38,16,アリーナ,69,SVAROG,O,3010,★,ゴリアテ工場
2022-12-15 18:21:43,16,アリーナ,68,SVAROG,O,3001,★,リッパー
2022-12-15 18:21:43,16,アリーナ,67,SVAROG,O,3005,★,ストライカー
2022-12-15 18:21:43,16,アリーナ,66,SVAROG,O,2010,★★,ヴェスピドSWAP
2022-12-15 18:21:46,16,アリーナ,65,SVAROG,O,2012,★★,ドラグーンSWAP
2022-12-15 18:21:46,16,アリーナ,64,SVAROG,O,3002,★,ヴェスピド
2022-12-15 18:21:46,16,アリーナ,63,SVAROG,O,2015,★★,イェーガーSWAP
2022-12-15 18:21:52,16,アリーナ,62,PULSE,O,3002,★,ヴェスピド
2022-12-15 18:22:00,16,アリーナ,61,SVAROG,O,2001,★★,ブルート
2022-12-15 18:22:00,16,アリーナ,60,SVAROG,O,3001,★,リッパー
2022-12-15 18:22:00,16,アリーナ,59,SVAROG,O,2015,★★,イェーガーSWAP
2022-12-15 18:22:04,16,アリーナ,58,PULSE,O,3004,★,イェーガー
2022-12-15 18:22:10,16,アリーナ,57,PULSE,O,3003,★,ガード
2022-12-15 18:22:17,16,アリーナ,56,SVAROG,O,2013,★★,ストライカーSWAP
2022-12-15 18:22:17,16,アリーナ,55,SVAROG,O,3003,★,ガード
2022-12-15 18:22:17,16,アリーナ,54,SVAROG,O,3009,★,ジャガー
2022-12-15 18:22:21,16,アリーナ,53,PULSE,O,3010,★,ゴリアテ工場
2022-12-15 18:22:27,16,アリーナ,52,PULSE,O,3001,★,リッパー
2022-12-15 18:22:35,16,アリーナ,51,SVAROG,O,3004,★,イェーガー
2022-12-15 18:22:35,16,アリーナ,50,SVAROG,O,3005,★,ストライカー
2022-12-15 18:22:39,16,アリーナ,49,SVAROG,O,3008,★,プラウラー
2022-12-15 18:22:39,16,アリーナ,48,SVAROG,O,3008,★,プラウラー
2022-12-15 18:22:42,16,アリーナ,47,SVAROG,O,2011,★★,プラウラーSWAP
2022-12-15 18:22:42,16,アリーナ,46,SVAROG,O,3006,★,ダイナーゲート
2022-12-15 18:23:18,16,アリーナ,45,PULSE,O,3007,★,スカウト
2022-12-15 18:23:26,16,アリーナ,44,SVAROG,O,3004,★,イェーガー
2022-12-15 18:23:26,16,アリーナ,43,SVAROG,O,3008,★,プラウラー
2022-12-15 18:23:26,16,アリーナ,42,SVAROG,O,3006,★,ダイナーゲート
2022-12-15 18:23:30,16,アリーナ,41,SVAROG,O,2012,★★,ドラグーンSWAP
2022-12-15 18:23:30,16,アリーナ,40,SVAROG,O,2013,★★,ストライカーSWAP
2022-12-15 18:23:30,16,アリーナ,39,SVAROG,O,3007,★,スカウト
2022-12-15 18:23:33,16,アリーナ,38,SVAROG,O,2012,★★,ドラグーンSWAP
2022-12-15 18:23:33,16,アリーナ,37,SVAROG,O,3007,★,スカウト
2022-12-15 18:23:33,16,アリーナ,36,SVAROG,O,3006,★,ダイナーゲート
2022-12-15 18:23:37,16,アリーナ,35,SVAROG,O,2001,★★,ブルート
2022-12-15 18:23:37,16,アリーナ,34,SVAROG,O,3010,★,ゴリアテ工場
2022-12-15 18:23:37,16,アリーナ,33,SVAROG,O,2001,★★,ブルート
2022-12-15 18:23:40,16,アリーナ,32,SVAROG,O,3010,★,ゴリアテ工場
2022-12-15 18:23:40,16,アリーナ,31,SVAROG,O,3007,★,スカウト
2022-12-15 18:23:40,16,アリーナ,30,SVAROG,O,3001,★,リッパー
2022-12-15 18:23:44,16,アリーナ,29,SVAROG,O,2011,★★,プラウラーSWAP
2022-12-15 18:23:44,16,アリーナ,28,SVAROG,O,2001,★★,ブルート
2022-12-15 18:23:44,16,アリーナ,27,SVAROG,O,3005,★,ストライカー
2022-12-15 18:24:24,16,アリーナ,26,PULSE,O,3004,★,イェーガー
2022-12-15 18:24:31,16,アリーナ,25,SVAROG,O,2011,★★,プラウラーSWAP
2022-12-15 18:24:31,16,アリーナ,24,SVAROG,O,3003,★,ガード
2022-12-15 18:24:35,16,アリーナ,23,SVAROG,O,3004,★,イェーガー
2022-12-15 18:24:35,16,アリーナ,22,SVAROG,O,2010,★★,ヴェスピドSWAP
2022-12-15 18:24:39,16,アリーナ,21,SVAROG,O,2011,★★,プラウラーSWAP
2022-12-15 18:24:39,16,アリーナ,20,SVAROG,O,2010,★★,ヴェスピドSWAP
2022-12-15 18:24:44,16,アリーナ,19,PULSE,O,3006,★,ダイナーゲート
2022-12-15 18:24:52,16,アリーナ,18,SVAROG,O,3004,★,イェーガー
2022-12-15 18:24:55,16,アリーナ,17,SVAROG,O,2014,★★,イージスSWAP
2022-12-15 18:24:59,16,アリーナ,16,SVAROG,O,2013,★★,ストライカーSWAP
2022-12-15 18:25:03,16,アリーナ,15,PULSE,O,3008,★,プラウラー
2022-12-15 18:25:09,16,アリーナ,15,PULSE,X,1014,★★★,アリーナ
2022-12-15 18:25:16,16,アリーナ,14,PULSE,O,3009,★,ジャガー
2022-12-15 18:25:23,16,アリーナ,13,PULSE,O,3008,★,プラウラー
2022-12-15 18:25:29,16,アリーナ,12,PULSE,O,1014,★★★,アリーナ
2022-12-16 18:41:03,21,,100,PULSE,X,0,,Unknown
2022-12-16 18:41:12,30,,99,PULSE,O,3009,★,ジャガー
2022-12-18 00:16:21,30,,98,PULSE,O,3008,★,プラウラー
2022-12-18 00:16:28,30,,97,PULSE,O,3010,★,ゴリアテ工場
2022-12-18 00:16:35,30,,96,PULSE,O,3005,★,ストライカー
2022-12-19 04:08:33,30,,95,PULSE,O,3008,★,プラウラー
2022-12-19 04:09:12,30,,94,PULSE,O,3010,★,ゴリアテ工場
2022-12-19 04:09:24,30,,93,PULSE,O,3008,★,プラウラー
2022-12-19 04:09:37,30,,92,PULSE,O,3001,★,リッパー
2022-12-19 19:02:04,30,,91,PULSE,O,3007,★,スカウト
2022-12-20 18:29:42,30,,90,PULSE,O,3007,★,スカウト
2022-12-20 18:29:55,30,,89,PULSE,O,3010,★,ゴリアテ工場
2022-12-21 19:30:20,30,,88,PULSE,O,3009,★,ジャガー
2022-12-22 19:04:33,30,デストロイヤー-浮掠麋影,87,PULSE,O,3004,★,イェーガー
2022-12-22 19:04:51,30,デストロイヤー-浮掠麋影,86,PULSE,O,3007,★,スカウト
2022-12-22 19:05:11,30,デストロイヤー-浮掠麋影,85,PULSE,O,3006,★,ダイナーゲート
2022-12-22 19:05:25,30,デストロイヤー-浮掠麋影,84,PULSE,O,3004,★,イェーガー
2022-12-23 20:14:43,30,デストロイヤー-浮掠麋影,83,PULSE,O,3004,★,イェーガー
2022-12-23 20:15:01,30,デストロイヤー-浮掠麋影,82,PULSE,O,3006,★,ダイナーゲート
2022-12-26 08:54:47,30,デストロイヤー-浮掠麋影,77,PULSE,O,3001,★,リッパー
2022-12-26 08:55:11,30,デストロイヤー-浮掠麋影,76,PULSE,O,3002,★,ヴェスピド
2022-12-26 23:33:14,30,デストロイヤー-浮掠麋影,75,PULSE,O,3001,★,リッパー
2022-12-26 23:33:20,30,デストロイヤー-浮掠麋影,74,PULSE,O,3001,★,リッパー
2022-12-29 10:39:53,30,デストロイヤー-浮掠麋影,73,PULSE,O,3002,★,ヴェスピド
2022-12-29 10:40:18,30,デストロイヤー-浮掠麋影,72,PULSE,O,3005,★,ストライカー
2022-12-29 10:40:36,30,デストロイヤー-浮掠麋影,71,PULSE,O,3003,★,ガード
2022-12-29 10:41:43,30,デストロイヤー-浮掠麋影,71,PULSE,X,2004,★★,ニーマム
2023-01-02 23:38:47,30,デストロイヤー-浮掠麋影,94,PULSE,O,3004,★,イェーガー
2023-01-02 23:39:05,30,デストロイヤー-浮掠麋影,93,PULSE,O,3005,★,ストライカー
2023-01-04 08:37:37,30,デストロイヤー-浮掠麋影,92,PULSE,O,3009,★,ジャガー
2023-01-05 00:45:33,30,デストロイヤー-浮掠麋影,91,PULSE,O,3002,★,ヴェスピド
2023-01-07 09:11:20,30,デストロイヤー-浮掠麋影,90,PULSE,O,3006,★,ダイナーゲート
2023-01-07 09:11:26,30,デストロイヤー-浮掠麋影,90,PULSE,X,1017,★★★,デストロイヤー-浮掠麋影
2023-01-07 09:11:51,30,デストロイヤー-浮掠麋影,89,PULSE,O,3004,★,イェーガー
2023-01-07 09:11:58,30,デストロイヤー-浮掠麋影,88,PULSE,O,3008,★,プラウラー
2023-01-07 09:12:04,30,デストロイヤー-浮掠麋影,87,PULSE,O,3009,★,ジャガー
2023-01-07 09:12:11,30,デストロイヤー-浮掠麋影,86,PULSE,O,3006,★,ダイナーゲート
2023-01-07 09:12:18,30,デストロイヤー-浮掠麋影,85,PULSE,O,3006,★,ダイナーゲート
2023-01-10 09:53:17,30,デストロイヤー-浮掠麋影,83,PULSE,O,3008,★,プラウラー
2023-01-10 09:53:42,30,デストロイヤー-浮掠麋影,82,PULSE,O,3001,★,リッパー
2023-01-11 00:53:55,30,デストロイヤー-浮掠麋影,81,PULSE,O,3009,★,ジャガー
2023-01-11 00:54:01,30,デストロイヤー-浮掠麋影,80,PULSE,O,3007,★,スカウト
2023-01-11 00:54:09,30,デストロイヤー-浮掠麋影,79,PULSE,O,3004,★,イェーガー
2023-01-11 00:54:15,30,デストロイヤー-浮掠麋影,78,PULSE,O,3001,★,リッパー
2023-01-11 00:54:21,30,デストロイヤー-浮掠麋影,77,PULSE,O,3004,★,イェーガー
2023-01-11 00:54:28,30,デストロイヤー-浮掠麋影,77,PULSE,X,2005,★★,タランチュラ
2023-01-11 00:54:35,30,デストロイヤー-浮掠麋影,76,PULSE,O,3003,★,ガード
2023-01-11 19:41:08,30,デストロイヤー-浮掠麋影,75,PULSE,O,3003,★,ガード
2023-01-11 19:41:14,30,デストロイヤー-浮掠麋影,74,PULSE,O,3004,★,イェーガー
2023-01-11 19:41:21,30,デストロイヤー-浮掠麋影,73,PULSE,O,3010,★,ゴリアテ工場
2023-01-13 00:50:26,30,デストロイヤー-浮掠麋影,72,PULSE,O,3010,★,ゴリアテ工場
2023-01-13 00:50:41,30,デストロイヤー-浮掠麋影,71,PULSE,O,3004,★,イェーガー
2023-01-13 00:50:55,30,デストロイヤー-浮掠麋影,70,PULSE,O,3008,★,プラウラー
2023-01-13 00:55:02,30,デストロイヤー-浮掠麋影,69,SVAROG,O,3001,★,リッパー
2023-01-13 00:55:02,30,デストロイヤー-浮掠麋影,68,SVAROG,O,3005,★,ストライカー
2023-01-13 00:55:02,30,デストロイヤー-浮掠麋影,67,SVAROG,O,3007,★,スカウト
2023-01-13 00:55:06,30,デストロイヤー-浮掠麋影,66,SVAROG,O,2003,★★,イージス
2023-01-13 00:55:06,30,デストロイヤー-浮掠麋影,65,SVAROG,O,3003,★,ガード
2023-01-13 00:55:06,30,デストロイヤー-浮掠麋影,64,SVAROG,O,3005,★,ストライカー
2023-01-13 00:55:09,30,デストロイヤー-浮掠麋影,63,SVAROG,O,2004,★★,ニーマム
2023-01-13 00:55:09,30,デストロイヤー-浮掠麋影,62,SVAROG,O,3007,★,スカウト
2023-01-13 00:55:09,30,デストロイヤー-浮掠麋影,61,SVAROG,O,3004,★,イェーガー
2023-01-13 00:55:13,30,デストロイヤー-浮掠麋影,60,SVAROG,O,2016,★★,ジンジャーブレッドガード
2023-01-13 00:55:13,30,デストロイヤー-浮掠麋影,59,SVAROG,O,3008,★,プラウラー
2023-01-13 00:55:13,30,デストロイヤー-浮掠麋影,58,SVAROG,O,2002,★★,ドラグーン
2023-01-13 00:55:19,30,デストロイヤー-浮掠麋影,57,SVAROG,O,2002,★★,ドラグーン
2023-01-13 00:55:19,30,デストロイヤー-浮掠麋影,56,SVAROG,O,3008,★,プラウラー
2023-01-13 00:55:19,30,デストロイヤー-浮掠麋影,55,SVAROG,O,3002,★,ヴェスピド
2023-01-13 00:55:57,30,デストロイヤー-浮掠麋影,54,SVAROG,O,2004,★★,ニーマム
2023-01-13 00:55:57,30,デストロイヤー-浮掠麋影,53,SVAROG,O,3001,★,リッパー
2023-01-13 00:56:01,30,デストロイヤー-浮掠麋影,52,SVAROG,O,3002,★,ヴェスピド
2023-01-13 00:56:01,30,デストロイヤー-浮掠麋影,51,SVAROG,O,2005,★★,タランチュラ
2023-01-13 00:56:05,30,デストロイヤー-浮掠麋影,50,PULSE,O,1017,★★★,デストロイヤー-浮掠麋影
2023-01-14 00:45:15,23,,99,PULSE,O,3006,★,ダイナーゲート
2023-01-14 20:24:23,23,アルケミスト,98,PULSE,O,2012,★★,ドラグーンSWAP
2023-01-14 20:24:29,23,アルケミスト,98,PULSE,X,2012,★★,ドラグーンSWAP
2023-01-15 15:18:23,23,アルケミスト,97,PULSE,O,3008,★,プラウラー
2023-01-15 15:18:38,23,アルケミスト,96,PULSE,O,3009,★,ジャガー
2023-01-16 12:28:37,23,アルケミスト,95,PULSE,O,3003,★,ガード
2023-01-16 12:28:52,23,アルケミスト,94,PULSE,O,3010,★,ゴリアテ工場
2023-01-17 00:49:16,23,アルケミスト,93,PULSE,O,3007,★,スカウト
2023-01-17 18:10:24,23,アルケミスト,92,PULSE,O,3009,★,ジャガー
2023-01-18 00:42:33,23,アルケミスト,91,PULSE,O,3006,★,ダイナーゲート
2023-01-18 18:26:43,23,アルケミスト,90,PULSE,O,3006,★,ダイナーゲート
2023-01-19 00:39:32,23,アルケミスト,89,PULSE,O,3004,★,イェーガー
2023-01-22 16:49:49,23,アルケミスト,88,PULSE,O,3004,★,イェーガー
2023-01-22 16:49:55,23,アルケミスト,87,PULSE,O,3009,★,ジャガー
2023-01-22 16:50:00,23,アルケミスト,86,PULSE,O,3005,★,ストライカー
2023-01-22 16:50:07,23,アルケミスト,85,PULSE,O,3010,★,ゴリアテ工場
2023-01-22 16:50:25,23,アルケミスト,84,PULSE,O,3002,★,ヴェスピド
2023-01-22 16:50:45,23,アルケミスト,83,PULSE,O,3003,★,ガード
2023-01-22 16:50:54,23,アルケミスト,82,PULSE,O,3006,★,ダイナーゲート
2023-01-23 16:55:59,23,アルケミスト,81,PULSE,O,3005,★,ストライカー
2023-01-23 16:56:13,23,アルケミスト,80,PULSE,O,3001,★,リッパー
2023-01-24 21:51:00,23,アルケミスト,79,PULSE,O,3010,★,ゴリアテ工場
2023-01-24 21:51:05,23,アルケミスト,78,PULSE,O,3007,★,スカウト
2023-01-27 19:18:44,23,アルケミスト,77,PULSE,O,3009,★,ジャガー
2023-01-27 19:20:46,23,アルケミスト,76,PULSE,O,3002,★,ヴェスピド
2023-01-27 19:20:52,23,アルケミスト,75,PULSE,O,3007,★,スカウト
2023-01-27 19:20:58,23,アルケミスト,74,PULSE,O,3004,★,イェーガー
2023-01-27 19:21:05,23,アルケミスト,73,PULSE,O,3001,★,リッパー
2023-01-27 19:21:15,23,アルケミスト,72,PULSE,O,3010,★,ゴリアテ工場
2023-01-28 22:50:42,23,アルケミスト,71,PULSE,O,3009,★,ジャガー
2023-02-03 19:25:51,23,アルケミスト,64,PULSE,O,3003,★,ガード
2023-02-06 08:55:38,23,アルケミスト,63,PULSE,O,3002,★,ヴェスピド
2023-02-07 19:04:02,23,アルケミスト,62,PULSE,O,3002,★,ヴェスピド
2023-02-08 19:21:15,23,アルケミスト,61,PULSE,O,2015,★★,イェーガーSWAP
2023-02-09 16:56:35,23,アルケミスト,60,PULSE,O,3004,★,イェーガー
2023-02-20 12:55:40,33,ハンター-裳夜の蛾,78,PULSE,O,3007,★,スカウト
2023-02-20 12:55:57,33,ハンター-裳夜の蛾,77,PULSE,O,3010,★,ゴリアテ工場
2023-02-20 12:56:19,33,ハンター-裳夜の蛾,76,PULSE,O,3008,★,プラウラー
2023-02-20 12:56:41,33,ハンター-裳夜の蛾,75,PULSE,O,3007,★,スカウト
2023-02-20 12:56:56,33,ハンター-裳夜の蛾,74,PULSE,O,3007,★,スカウト
2023-02-20 12:57:10,33,ハンター-裳夜の蛾,73,PULSE,O,3009,★,ジャガー
2023-02-20 12:57:26,33,ハンター-裳夜の蛾,72,PULSE,O,3010,★,ゴリアテ工場
2023-02-20 12:57:43,33,ハンター-裳夜の蛾,71,PULSE,O,3008,★,プラウラー
2023-02-21 21:01:40,33,ハンター-裳夜の蛾,71,PULSE,X,2014,★★,イージスSWAP
2023-02-21 21:01:48,33,ハンター-裳夜の蛾,70,PULSE,O,3006,★,ダイナーゲート
2023-02-21 21:01:56,33,ハンター-裳夜の蛾,69,PULSE,O,3003,★,ガード
2023-02-21 21:02:01,33,ハンター-裳夜の蛾,68,PULSE,O,3008,★,プラウラー
2023-02-21 21:02:07,33,ハンター-裳夜の蛾,67,PULSE,O,3001,★,リッパー
2023-02-23 14:40:05,33,ハンター-裳夜の蛾,66,PULSE,O,3004,★,イェーガー
2023-02-23 14:40:27,33,ハンター-裳夜の蛾,65,PULSE,O,3010,★,ゴリアテ工場
2023-02-23 14:40:56,33,ハンター-裳夜の蛾,64,PULSE,O,2015,★★,イェーガーSWAP
2023-02-23 14:41:11,33,ハンター-裳夜の蛾,63,PULSE,O,3010,★,ゴリアテ工場
2023-02-25 11:53:47,33,ハンター-裳夜の蛾,62,PULSE,O,3005,★,ストライカー
2023-02-25 11:53:54,33,ハンター-裳夜の蛾,61,PULSE,O,3006,★,ダイナーゲート
2023-02-25 11:54:01,33,ハンター-裳夜の蛾,60,PULSE,O,3008,★,プラウラー
2023-02-25 11:54:13,33,ハンター-裳夜の蛾,59,PULSE,O,3002,★,ヴェスピド
2023-02-26 16:44:41,33,ハンター-裳夜の蛾,58,PULSE,O,3006,★,ダイナーゲート
2023-02-27 18:54:27,33,ハンター-裳夜の蛾,57,PULSE,O,3005,★,ストライカー
2023-02-27 18:54:35,33,ハンター-裳夜の蛾,56,PULSE,O,3001,★,リッパー
2023-02-27 18:55:18,33,ハンター-裳夜の蛾,55,PULSE,O,3003,★,ガード
2023-02-27 18:55:25,33,ハンター-裳夜の蛾,54,PULSE,O,3007,★,スカウト
2023-03-02 02:47:37,33,ハンター-裳夜の蛾,53,PULSE,O,3003,★,ガード
2023-03-02 02:47:46,33,ハンター-裳夜の蛾,52,PULSE,O,3001,★,リッパー
2023-03-02 02:47:51,33,ハンター-裳夜の蛾,51,PULSE,O,3002,★,ヴェスピド
2023-03-04 21:34:52,33,ハンター-裳夜の蛾,50,PULSE,O,2003,★★,イージス
2023-03-05 01:42:18,33,ハンター-裳夜の蛾,49,SVAROG,O,3008,★,プラウラー
2023-03-05 01:42:18,33,ハンター-裳夜の蛾,48,SVAROG,O,2014,★★,イージスSWAP
2023-03-05 01:42:18,33,ハンター-裳夜の蛾,47,SVAROG,O,3006,★,ダイナーゲート
2023-03-05 01:42:59,33,ハンター-裳夜の蛾,46,SVAROG,O,2002,★★,ドラグーン
2023-03-05 01:43:04,33,ハンター-裳夜の蛾,45,PULSE,O,3010,★,ゴリアテ工場
2023-03-06 19:19:09,33,ハンター-裳夜の蛾,44,PULSE,O,3009,★,ジャガー
2023-03-06 19:19:31,33,ハンター-裳夜の蛾,43,PULSE,O,2014,★★,イージスSWAP
2023-03-06 19:19:43,33,ハンター-裳夜の蛾,42,PULSE,O,3005,★,ストライカー
2023-03-06 19:19:58,33,ハンター-裳夜の蛾,42,PULSE,X,2015,★★,イェーガーSWAP
2023-03-06 19:20:18,33,ハンター-裳夜の蛾,41,PULSE,O,3009,★,ジャガー
2023-03-06 19:20:32,33,ハンター-裳夜の蛾,40,PULSE,O,3006,★,ダイナーゲート
2023-03-06 19:20:46,33,ハンター-裳夜の蛾,39,PULSE,O,3009,★,ジャガー
2023-03-06 19:21:00,33,ハンター-裳夜の蛾,38,PULSE,O,3002,★,ヴェスピド
2023-03-06 19:21:14,33,ハンター-裳夜の蛾,37,PULSE,O,3004,★,イェーガー
2023-03-07 18:25:26,33,ハンター-裳夜の蛾,36,SVAROG,O,2002,★★,ドラグーン
2023-03-07 18:25:26,33,ハンター-裳夜の蛾,35,SVAROG,O,2014,★★,イージスSWAP
2023-03-07 18:25:46,33,ハンター-裳夜の蛾,34,SVAROG,O,3010,★,ゴリアテ工場
2023-03-07 18:25:46,33,ハンター-裳夜の蛾,33,SVAROG,O,2003,★★,イージス
2023-03-07 18:25:50,33,ハンター-裳夜の蛾,32,SVAROG,O,3008,★,プラウラー
2023-03-07 18:25:50,33,ハンター-裳夜の蛾,31,SVAROG,O,3005,★,ストライカー
2023-03-08 18:54:15,33,ハンター-裳夜の蛾,30,SVAROG,O,3010,★,ゴリアテ工場
2023-03-08 18:54:15,33,ハンター-裳夜の蛾,29,SVAROG,O,2004,★★,ニーマム
2023-03-09 21:01:54,33,ハンター-裳夜の蛾,29,PULSE,X,1018,★★★,ハンター-裳夜の蛾
2023-03-09 21:02:44,33,ハンター-裳夜の蛾,29,PULSE,X,2013,★★,ストライカーSWAP
2023-03-09 21:02:50,33,ハンター-裳夜の蛾,28,PULSE,O,3010,★,ゴリアテ工場
2023-03-09 21:03:00,33,ハンター-裳夜の蛾,27,SVAROG,O,3003,★,ガード
2023-03-09 21:03:00,33,ハンター-裳夜の蛾,26,SVAROG,O,3004,★,イェーガー
2023-03-09 21:03:35,33,ハンター-裳夜の蛾,26,PULSE,X,2013,★★,ストライカーSWAP
2023-03-09 21:03:42,33,ハンター-裳夜の蛾,26,PULSE,X,2015,★★,イェーガーSWAP
2023-03-09 21:03:53,33,ハンター-裳夜の蛾,25,SVAROG,O,2003,★★,イージス
2023-03-09 21:03:57,33,ハンター-裳夜の蛾,24,SVAROG,O,2004,★★,ニーマム
2023-03-09 21:04:01,33,ハンター-裳夜の蛾,23,SVAROG,O,2013,★★,ストライカーSWAP
2023-03-09 21:04:04,33,ハンター-裳夜の蛾,22,SVAROG,O,3002,★,ヴェスピド
2023-03-09 21:04:07,33,ハンター-裳夜の蛾,21,SVAROG,O,2013,★★,ストライカーSWAP
2023-03-09 21:04:11,33,ハンター-裳夜の蛾,20,SVAROG,O,2001,★★,ブルート
2023-03-09 21:04:14,33,ハンター-裳夜の蛾,19,PULSE,O,1018,★★★,ハンター-裳夜の蛾
2023-03-10 19:28:30,25,,99,PULSE,O,3004,★,イェーガー
2023-03-10 19:28:42,25,,98,PULSE,O,3005,★,ストライカー
2023-03-12 18:33:01,25,ゲーガー,97,PULSE,O,3001,★,リッパー
2023-03-12 18:33:23,25,ゲーガー,96,PULSE,O,3003,★,ガード
2023-03-12 18:33:45,25,ゲーガー,95,PULSE,O,3005,★,ストライカー
2023-03-13 05:12:11,25,ゲーガー,95,PULSE,X,2010,★★,ヴェスピドSWAP
2023-03-13 19:28:45,25,ゲーガー,94,PULSE,O,3004,★,イェーガー
2023-03-13 19:30:01,25,ゲーガー,93,PULSE,O,3002,★,ヴェスピド
2023-03-13 19:30:15,25,ゲーガー,92,PULSE,O,3006,★,ダイナーゲート
2023-03-13 19:30:30,25,ゲーガー,91,PULSE,O,3002,★,ヴェスピド
2023-03-13 19:30:53,25,ゲーガー,90,PULSE,O,3003,★,ガード
2023-03-13 19:31:18,25,ゲーガー,89,PULSE,O,3001,★,リッパー
2023-03-13 19:32:08,25,ゲーガー,88,PULSE,O,3008,★,プラウラー
2023-03-13 19:34:52,25,ゲーガー,87,PULSE,O,3003,★,ガード
2023-03-16 07:23:32,25,ゲーガー,85,PULSE,X,2005,★★,タランチュラ
