地区ID,地区名,戦闘形式,人形ID,種類,人形,好感度,誓約,スキル1,スキル2,装備1,装備2,装備3,作戦能力,ダメージ予測,順位
714,初級4,昼戦,20055,AR,M4A1 Mod,200,1,10,10,オプティカル,高速弾,専用装備,8492,743,1
714,初級4,昼戦,20065,AR,416 Mod,200,1,10,10,専用装備,高速弾,専用装備,7594,664,2
714,初級4,昼戦,183,HG,コンテンダー,100,0,10,0,サイレンサー,徹甲弾,T外骨格,4756,653,3
714,初級4,昼戦,54,AR,M16A1,150,1,10,0,高速弾,防弾ベスト,専用装備,6853,599,4
714,初級4,昼戦,20221,HG,GSh-18 Mod,100,0,10,10,サイレンサー,専用装備,T外骨格,4293,590,5
714,初級4,昼戦,20097,HG,M950A Mod,100,0,10,10,サイレンサー,ホローポイント弾,X外骨格,4263,586,6
714,初級4,昼戦,20007,HG,スチェッキン Mod,100,0,10,10,専用装備,ホローポイント弾,専用装備,4156,571,7
714,初級4,昼戦,20057,AR,ST AR-15 Mod,200,1,10,10,オプティカル,オプティカル,専用装備,6374,557,8
714,初級4,昼戦,62,AR,Gr G41,100,0,10,0,オプティカル,高速弾,専用装備,6339,554,9
714,初級4,昼戦,213,SMG,C-MS,100,0,10,0,T外骨格,徹甲弾,ドットサイト,7391,554,10
714,初級4,昼戦,20026,SMG,Gr MP5 Mod,200,1,10,10,専用装備,ホローポイント弾,専用装備,7369,552,11
714,初級4,昼戦,20056,AR,M4 SOPMOD II Mod,200,1,10,10,オプティカル,専用装備,高速弾,6304,551,12
714,初級4,昼戦,20001,HG,コルトSAA Mod,91.8008,0,10,10,専用装備,ホローポイント弾,T外骨格,3998,549,13
714,初級4,昼戦,10,HG,PPK,100,0,10,0,専用装備,ホローポイント弾,X外骨格,3333,549,14
714,初級4,昼戦,115,SMG,スオミ,100,0,10,0,T外骨格,ホローポイント弾,ドットサイト,6085,547,15
714,初級4,昼戦,1027,AR,アンジェリカ,100,0,10,0,オプティカル,高速弾,専用装備,6211,543,16
714,初級4,昼戦,242,HG,P22,100,0,10,0,サイレンサー,ホローポイント弾,X外骨格,3865,531,17
714,初級4,昼戦,20064,AR,Gr G36 Mod,200,1,10,10,専用装備,高速弾,T外骨格,6067,530,18
714,初級4,昼戦,294,HG,ウェブリー,100,0,10,0,サイレンサー,ホローポイント弾,T外骨格,3859,530,19
714,初級4,昼戦,126,HG,NZ75,100,0,10,0,専用装備,ホローポイント弾,X外骨格,3854,529,20
714,初級4,昼戦,1017,HG,ジル・スティングレイ,100,0,10,0,サイレンサー,ホローポイント弾,T外骨格,3811,524,21
714,初級4,昼戦,1018,HG,セイ・P・アサギリ,100,0,10,0,サイレンサー,ホローポイント弾,専用装備,3816,524,22
714,初級4,昼戦,114,HG,ウェルロッドMkⅡ,100,0,10,0,サイレンサー,ホローポイント弾,T外骨格,3798,522,23
714,初級4,昼戦,20101,SMG,UMP9 Mod,100,0,10,10,専用装備,ホローポイント弾,専用装備,6945,520,24
714,初級4,昼戦,250,HG,HS2000,100,0,10,0,サイレンサー,ホローポイント弾,X外骨格,3783,520,25
714,初級4,昼戦,328,SMG,AR-57,100,0,10,0,T外骨格,ホローポイント弾,ドットサイト,5775,519,26
714,初級4,昼戦,303,HG,HP-35,100,0,10,0,サイレンサー,ホローポイント弾,T外骨格,3772,518,27
714,初級4,昼戦,260,HG,PA-15,100,0,10,0,サイレンサー,ホローポイント弾,X外骨格,3745,514,28
714,初級4,昼戦,4,HG,パイソン,100,0,10,0,サイレンサー,ホローポイント弾,T外骨格,3739,514,29
714,初級4,昼戦,96,HG,グリズリー,100,0,10,0,サイレンサー,ホローポイント弾,T外骨格,3737,513,30
714,初級4,昼戦,205,AR,AN-94,150,1,10,0,オプティカル,高速弾,T外骨格,5867,513,31
714,初級4,昼戦,285,HG,C-93,100,0,10,0,サイレンサー,ホローポイント弾,X外骨格,3732,513,32
714,初級4,昼戦,233,HG,Px4 ストーム,100,0,10,0,サイレンサー,ホローポイント弾,X外骨格,3726,512,33
714,初級4,昼戦,272,HG,デザートイーグル,100,0,10,0,サイレンサー,ホローポイント弾,T外骨格,3724,512,34
714,初級4,昼戦,20005,HG,M1895 Mod,100,0,10,10,専用装備,ホローポイント弾,T外骨格,3722,511,35
714,初級4,昼戦,215,AR,MDR,100,0,10,0,専用装備,高速弾,T外骨格,5811,508,36
714,初級4,昼戦,142,HG,Five-seven,100,0,10,0,サイレンサー,ホローポイント弾,X外骨格,3674,505,37
714,初級4,昼戦,166,HG,CZ75,100,0,10,0,サイレンサー,ホローポイント弾,X外骨格,3645,501,38
714,初級4,昼戦,20002,HG,M1911 Mod,100,0,10,10,サイレンサー,専用装備,T外骨格,3646,501,39
714,初級4,昼戦,20103,SMG,UMP45 Mod,200,1,10,10,T外骨格,ホローポイント弾,専用装備,6657,499,40
714,初級4,昼戦,206,AR,AK-12,100,0,10,0,オプティカル,高速弾,T外骨格,5708,499,41
714,初級4,昼戦,27,SMG,スコーピオン,100,0,10,0,T外骨格,専用装備,ドットサイト,5522,496,42
714,初級4,昼戦,73,AR,AUG,100,0,10,0,オプティカル,高速弾,T外骨格,5679,496,43
714,初級4,昼戦,20029,SMG,ステンMK-II Mod,150,1,10,10,T外骨格,ホローポイント弾,専用装備,6574,493,44
714,初級4,昼戦,1009,HG,エル・クレア,100,0,10,0,サイレンサー,ホローポイント弾,X外骨格,3586,493,45
714,初級4,昼戦,1010,HG,エル・フェイル,100,0,10,0,サイレンサー,ホローポイント弾,X外骨格,3586,493,46
714,初級4,昼戦,122,AR,Gr G11,150,1,10,0,オプティカル,高速弾,T外骨格,5629,492,47
714,初級4,昼戦,274,AR,ACR,100,0,10,0,オプティカル,高速弾,T外骨格,5624,492,48
714,初級4,昼戦,8,HG,マカロフ,150,1,10,0,専用装備,ホローポイント弾,X外骨格,3564,490,49
714,初級4,昼戦,243,AR,64式自,100,0,10,0,オプティカル,高速弾,外骨格,5610,490,50
714,初級4,昼戦,293,AR,AK-15,100,0,10,0,オプティカル,高速弾,X外骨格,5562,486,51
714,初級4,昼戦,313,AR,S-ACR,100,0,10,0,オプティカル,高速弾,X外骨格,5543,485,52
714,初級4,昼戦,290,AR,89式,100,0,10,0,オプティカル,高速弾,X外骨格,5493,480,53
714,初級4,昼戦,236,AR,K11,100,0,10,0,オプティカル,高速弾,X外骨格,5472,478,54
714,初級4,昼戦,106,AR,FAL,150,1,10,0,オプティカル,高速弾,X外骨格,5420,474,55
714,初級4,昼戦,214,AR,ADS,100,0,10,0,オプティカル,高速弾,X外骨格,5406,473,56
714,初級4,昼戦,129,AR,95式,100,0,10,0,専用装備,高速弾,X外骨格,5396,472,57
714,初級4,昼戦,172,AR,Am RFB,100,0,10,0,専用装備,高速弾,X外骨格,5395,472,58
714,初級4,昼戦,194,AR,K2,100,0,10,0,オプティカル,高速弾,X外骨格,5394,471,59
714,初級4,昼戦,338,AR,SIG MCX,85.4938,0,10,0,オプティカル,高速弾,X外骨格,5327,466,60
714,初級4,昼戦,1029,AR,エージェント416,100,0,10,0,オプティカル,専用装備,X外骨格,5222,456,61
714,初級4,昼戦,127,SMG,79式,100,0,10,0,X外骨格,専用装備,ドットサイト,6070,455,62
714,初級4,昼戦,1028,SMG,エージェントVector,100,0,10,0,専用装備,専用装備,ドットサイト,6000,450,63
714,初級4,昼戦,1019,SMG,ドロシー・ヘイズ,100,0,10,0,X外骨格,専用装備,ドットサイト,5873,440,64
714,初級4,昼戦,20053,RF,NTW-20 Mod,200,1,10,10,専用装備,オプティカル,カモフラージュマント,7738,386,65
714,初級4,昼戦,20252,RF,KSVK Mod,200,1,10,10,専用装備,オプティカル,カモフラージュマント,7538,376,66
714,初級4,昼戦,20037,RF,M14 Mod,200,1,10,10,徹甲弾,専用装備,カモフラージュマント,7348,367,67
714,初級4,昼戦,261,RF,QBU-88,100,0,10,0,徹甲弾,オプティカル,カモフラージュマント,7190,359,68
714,初級4,昼戦,1024,RF,リコ,150,1,10,0,徹甲弾,オプティカル,専用装備,7145,357,69
714,初級4,昼戦,20039,RF,モシン・ナガン Mod,100,0,10,10,徹甲弾,専用装備,専用装備,7105,355,70
714,初級4,昼戦,36,RF,スプリングフィールド,100,0,10,0,専用装備,オプティカル,カモフラージュマント,7091,354,71
714,初級4,昼戦,20095,RF,漢陽88式 Mod,200,1,10,10,専用装備,専用装備,カモフラージュマント,7093,354,72
714,初級4,昼戦,50,RF,リー・エンフィールド,100,0,10,0,徹甲弾,専用装備,カモフラージュマント,6968,348,73
714,初級4,昼戦,48,RF,WA2000,150,1,10,0,徹甲弾,オプティカル,カモフラージュマント,6950,347,74
714,初級4,昼戦,266,RF,R93,100,0,10,0,徹甲弾,オプティカル,カモフラージュマント,6957,347,75
714,初級4,昼戦,46,RF,Kar98k,100,0,10,0,徹甲弾,専用装備,カモフラージュマント,6714,335,76
714,初級4,昼戦,296,RF,Gr SL8,100,0,10,0,徹甲弾,オプティカル,カモフラージュマント,6719,335,77
714,初級4,昼戦,329,RF,SVCh,100,0,10,0,徹甲弾,オプティカル,カモフラージュマント,6697,334,78
714,初級4,昼戦,231,RF,M82A1,100,0,10,0,徹甲弾,オプティカル,カモフラージュマント,6641,332,79
714,初級4,昼戦,312,RF,VSK-94,100,0,10,0,徹甲弾,オプティカル,カモフラージュマント,6651,332,80
714,初級4,昼戦,257,RF,M200,100,0,10,0,徹甲弾,オプティカル,カモフラージュマント,6586,329,81
714,初級4,昼戦,43,RF,SVD,150,1,10,0,徹甲弾,オプティカル,カモフラージュマント,6568,328,82
714,初級4,昼戦,197,RF,カルカノ M1891,150,1,10,0,徹甲弾,オプティカル,カモフラージュマント,6578,328,83
714,初級4,昼戦,198,RF,カルカノ M91/38,100,0,10,0,徹甲弾,オプティカル,カモフラージュマント,6552,327,84
714,初級4,昼戦,1020,RF,ステラ・星井,100,0,10,0,徹甲弾,オプティカル,専用装備,6496,324,85
714,初級4,昼戦,148,RF,IWS 2000,100,0,10,0,徹甲弾,オプティカル,カモフラージュマント,6446,322,86
714,初級4,昼戦,20051,RF,FF FN49 Mod,100,0,10,10,徹甲弾,専用装備,カモフラージュマント,6407,320,87
714,初級4,昼戦,146,RF,Gr G28,100,0,10,0,徹甲弾,オプティカル,カモフラージュマント,6339,316,88
714,初級4,昼戦,273,RF,SSG3000,100,0,10,0,徹甲弾,オプティカル,カモフラージュマント,6259,312,89
714,初級4,昼戦,188,SG,S.A.T.8,100,0,10,0,防弾ベスト,バックショット,ドットサイト,8040,301,90
714,初級4,昼戦,163,SG,AA-12,100,0,10,0,防弾ベスト,専用装備,ホロサイト,8020,300,91
714,初級4,昼戦,323,SG,LTLX7000,100,0,10,0,防弾ベスト,バックショット,ドットサイト,8007,300,92
714,初級4,昼戦,324,SG,M6 ASW,100,0,10,0,防弾ベスト,バックショット,ドットサイト,7960,298,93
714,初級4,昼戦,229,SG,M870,100,0,10,0,防弾ベスト,バックショット,ドットサイト,7823,293,94
714,初級4,昼戦,164,SG,FP-6,100,0,10,0,防弾ベスト,バックショット,ドットサイト,7813,292,95
714,初級4,昼戦,1002,SG,エルフェルト,100,0,10,0,防弾ベスト,バックショット,ドットサイト,7771,291,96
714,初級4,昼戦,20154,SG,M500 Mod,100,0,10,10,防弾ベスト,バックショット,専用装備,7785,291,97
714,初級4,昼戦,282,SG,DP-12,100,0,10,0,防弾ベスト,バックショット,ドットサイト,7734,290,98
714,初級4,昼戦,157,SG,Am KSG,100,0,10,0,防弾ベスト,バックショット,ドットサイト,7722,289,99
714,初級4,昼戦,151,SG,M1887,100,0,4,0,防弾ベスト,バックショット,ドットサイト,7526,282,100
714,初級4,昼戦,281,SG,CAWS,78.4846,0,10,0,防弾ベスト,バックショット,ドットサイト,7546,282,101
714,初級4,昼戦,189,SG,USAS-12,100,0,10,0,防弾ベスト,バックショット,ドットサイト,7482,280,102
714,初級4,昼戦,326,SG,512,100,0,10,0,防弾ベスト,バックショット,ドットサイト,7393,277,103
714,初級4,昼戦,153,SG,M37,100,0,10,0,防弾ベスト,スラッグ弾,オプティカル,6914,259,104
714,初級4,昼戦,20075,MG,M1918 Mod,100,0,10,10,徹甲弾,専用装備,専用装備,9593,239,105
714,初級4,昼戦,20081,MG,LWMMG Mod,100,0,10,10,徹甲弾,専用装備,アサルトパック,9528,238,106
714,初級4,昼戦,125,MG,Gr MG4,99.9741,0,10,0,徹甲弾,専用装備,アサルトパック,9379,234,107
714,初級4,昼戦,253,MG,ルイス,100,0,10,0,徹甲弾,ドットサイト,アサルトパック,8943,223,108
718,初級8,昼戦,20055,AR,M4A1 Mod,200,1,10,10,オプティカル,高速弾,専用装備,8492,1167,1
718,初級8,昼戦,20065,AR,416 Mod,200,1,10,10,専用装備,高速弾,専用装備,7594,1044,2
718,初級8,昼戦,54,AR,M16A1,150,1,10,0,高速弾,防弾ベスト,専用装備,6853,942,3
718,初級8,昼戦,73,AR,AUG,100,0,10,0,オプティカル,高速弾,T外骨格,5679,937,4
718,初級8,昼戦,106,AR,FAL,150,1,10,0,オプティカル,高速弾,T外骨格,5507,908,5
718,初級8,昼戦,20057,AR,ST AR-15 Mod,200,1,10,10,オプティカル,オプティカル,専用装備,6374,876,6
718,初級8,昼戦,62,AR,Gr G41,100,0,10,0,オプティカル,高速弾,専用装備,6339,871,7
718,初級8,昼戦,20056,AR,M4 SOPMOD II Mod,200,1,10,10,オプティカル,専用装備,高速弾,6304,866,8
718,初級8,昼戦,1027,AR,アンジェリカ,100,0,10,0,オプティカル,高速弾,専用装備,6211,854,9
718,初級8,昼戦,20064,AR,Gr G36 Mod,200,1,10,10,専用装備,高速弾,T外骨格,6067,834,10
718,初級8,昼戦,171,AR,リベロール,100,0,10,0,オプティカル,高速弾,T外骨格,4906,809,11
718,初級8,昼戦,205,AR,AN-94,150,1,10,0,オプティカル,高速弾,T外骨格,5867,806,12
718,初級8,昼戦,215,AR,MDR,100,0,10,0,専用装備,高速弾,T外骨格,5811,799,13
718,初級8,昼戦,70,AR,FF FNC,100,0,10,0,オプティカル,高速弾,T外骨格,4783,789,14
718,初級8,昼戦,206,AR,AK-12,100,0,10,0,オプティカル,高速弾,T外骨格,5708,784,15
718,初級8,昼戦,122,AR,Gr G11,150,1,10,0,オプティカル,高速弾,T外骨格,5629,773,16
718,初級8,昼戦,274,AR,ACR,100,0,10,0,オプティカル,高速弾,T外骨格,5624,773,17
718,初級8,昼戦,243,AR,64式自,100,0,10,0,オプティカル,高速弾,T外骨格,5610,771,18
718,初級8,昼戦,293,AR,AK-15,100,0,10,0,オプティカル,高速弾,T外骨格,5580,767,19
718,初級8,昼戦,313,AR,S-ACR,100,0,10,0,オプティカル,高速弾,T外骨格,5561,764,20
718,初級8,昼戦,236,AR,K11,100,0,10,0,オプティカル,高速弾,T外骨格,5545,762,21
718,初級8,昼戦,290,AR,89式,100,0,10,0,オプティカル,高速弾,T外骨格,5533,760,22
718,初級8,昼戦,129,AR,95式,100,0,10,0,専用装備,高速弾,T外骨格,5443,748,23
718,初級8,昼戦,194,AR,K2,100,0,10,0,オプティカル,高速弾,T外骨格,5446,748,24
718,初級8,昼戦,214,AR,ADS,100,0,10,0,オプティカル,高速弾,T外骨格,5441,748,25
718,初級8,昼戦,1029,AR,エージェント416,100,0,10,0,オプティカル,専用装備,T外骨格,5273,725,26
718,初級8,昼戦,183,HG,コンテンダー,100,0,10,0,サイレンサー,徹甲弾,T外骨格,4756,653,27
718,初級8,昼戦,20075,MG,M1918 Mod,100,0,10,10,徹甲弾,専用装備,専用装備,9593,599,28
718,初級8,昼戦,20081,MG,LWMMG Mod,100,0,10,10,徹甲弾,専用装備,アサルトパック,9528,595,29
718,初級8,昼戦,20221,HG,GSh-18 Mod,100,0,10,10,サイレンサー,専用装備,T外骨格,4293,590,30
718,初級8,昼戦,20097,HG,M950A Mod,100,0,10,10,サイレンサー,ホローポイント弾,X外骨格,4263,586,31
718,初級8,昼戦,125,MG,Gr MG4,99.9741,0,10,0,徹甲弾,専用装備,アサルトパック,9379,586,32
718,初級8,昼戦,20007,HG,スチェッキン Mod,100,0,10,10,専用装備,ホローポイント弾,専用装備,4156,571,33
718,初級8,昼戦,253,MG,ルイス,100,0,10,0,徹甲弾,ドットサイト,アサルトパック,8943,558,34
718,初級8,昼戦,213,SMG,C-MS,100,0,10,0,T外骨格,徹甲弾,ドットサイト,7391,554,35
718,初級8,昼戦,20026,SMG,Gr MP5 Mod,200,1,10,10,専用装備,ホローポイント弾,専用装備,7369,552,36
718,初級8,昼戦,20001,HG,コルトSAA Mod,91.8008,0,10,10,専用装備,ホローポイント弾,T外骨格,3998,549,37
718,初級8,昼戦,292,MG,RPK-16,100,0,10,0,徹甲弾,オプティカル,アサルトパック,8612,538,38
718,初級8,昼戦,1021,MG,アルマ・アルマス,100,0,10,0,徹甲弾,ドットサイト,専用装備,8575,535,39
718,初級8,昼戦,307,MG,ZB-26,100,0,10,0,徹甲弾,ドットサイト,アサルトパック,8502,531,40
718,初級8,昼戦,242,HG,P22,100,0,10,0,サイレンサー,ホローポイント弾,X外骨格,3865,531,41
718,初級8,昼戦,294,HG,ウェブリー,100,0,10,0,サイレンサー,ホローポイント弾,T外骨格,3859,530,42
718,初級8,昼戦,126,HG,NZ75,100,0,10,0,専用装備,ホローポイント弾,X外骨格,3854,529,43
718,初級8,昼戦,208,MG,HMG21,100,0,10,0,徹甲弾,ドットサイト,アサルトパック,8476,529,44
718,初級8,昼戦,173,MG,PKP,100,0,10,0,徹甲弾,ドットサイト,アサルトパック,8453,528,45
718,初級8,昼戦,6,HG,トカレフ,100,0,1,0,サイレンサー,ホローポイント弾,T外骨格,3191,526,46
718,初級8,昼戦,276,MG,Kord,100,0,10,0,徹甲弾,ドットサイト,アサルトパック,8422,526,47
718,初級8,昼戦,112,MG,ネゲヴ,100,0,10,0,徹甲弾,オプティカル,アサルトパック,8391,524,48
718,初級8,昼戦,1017,HG,ジル・スティングレイ,100,0,10,0,サイレンサー,ホローポイント弾,外骨格,3811,524,49
718,初級8,昼戦,1018,HG,セイ・P・アサギリ,100,0,10,0,サイレンサー,ホローポイント弾,専用装備,3816,524,50
718,初級8,昼戦,109,MG,Gr MG5,100,0,10,0,徹甲弾,ドットサイト,アサルトパック,8367,522,51
718,初級8,昼戦,238,MG,88式,100,0,10,0,徹甲弾,オプティカル,アサルトパック,8356,522,52
718,初級8,昼戦,20101,SMG,UMP9 Mod,100,0,10,10,専用装備,ホローポイント弾,専用装備,6945,520,53
718,初級8,昼戦,114,HG,ウェルロッドMkⅡ,100,0,10,0,サイレンサー,ホローポイント弾,X外骨格,3783,520,54
718,初級8,昼戦,250,HG,HS2000,100,0,10,0,サイレンサー,ホローポイント弾,X外骨格,3783,520,55
718,初級8,昼戦,303,HG,HP-35,100,0,10,0,サイレンサー,ホローポイント弾,X外骨格,3765,517,56
718,初級8,昼戦,185,MG,Ameli,100,0,1,0,徹甲弾,オプティカル,専用装備,8251,515,57
718,初級8,昼戦,260,HG,PA-15,100,0,10,0,サイレンサー,ホローポイント弾,X外骨格,3745,514,58
718,初級8,昼戦,4,HG,パイソン,100,0,10,0,サイレンサー,ホローポイント弾,X外骨格,3740,514,59
718,初級8,昼戦,285,HG,C-93,100,0,10,0,サイレンサー,ホローポイント弾,X外骨格,3732,513,60
718,初級8,昼戦,233,HG,Px4 ストーム,100,0,10,0,サイレンサー,ホローポイント弾,X外骨格,3726,512,61
718,初級8,昼戦,275,MG,M1895 CB,100,0,10,0,徹甲弾,ドットサイト,アサルトパック,8186,511,62
718,初級8,昼戦,272,HG,デザートイーグル,100,0,10,0,サイレンサー,ホローポイント弾,X外骨格,3722,511,63
718,初級8,昼戦,96,HG,グリズリー,100,0,10,0,サイレンサー,ホローポイント弾,X外骨格,3690,507,64
718,初級8,昼戦,20005,HG,M1895 Mod,100,0,10,10,専用装備,ホローポイント弾,X外骨格,3684,506,65
718,初級8,昼戦,142,HG,Five-seven,100,0,10,0,サイレンサー,ホローポイント弾,X外骨格,3674,505,66
718,初級8,昼戦,188,SG,S.A.T.8,100,0,10,0,防弾ベスト,バックショット,ドットサイト,8040,502,67
718,初級8,昼戦,166,HG,CZ75,100,0,10,0,サイレンサー,ホローポイント弾,X外骨格,3645,501,68
718,初級8,昼戦,163,SG,AA-12,100,0,10,0,防弾ベスト,専用装備,ホロサイト,8020,501,69
718,初級8,昼戦,77,MG,M2HB,100,0,10,0,徹甲弾,ドットサイト,アサルトパック,8006,500,70
718,初級8,昼戦,323,SG,LTLX7000,100,0,10,0,防弾ベスト,バックショット,ドットサイト,8007,500,71
718,初級8,昼戦,85,MG,PK,100,0,10,0,徹甲弾,ドットサイト,アサルトパック,7994,499,72
718,初級8,昼戦,20002,HG,M1911 Mod,100,0,10,10,サイレンサー,専用装備,X外骨格,3635,499,73
718,初級8,昼戦,324,SG,M6 ASW,100,0,10,0,防弾ベスト,バックショット,ドットサイト,7960,497,74
718,初級8,昼戦,1009,HG,エル・クレア,100,0,10,0,サイレンサー,ホローポイント弾,X外骨格,3586,493,75
718,初級8,昼戦,1010,HG,エル・フェイル,100,0,10,0,サイレンサー,ホローポイント弾,X外骨格,3586,493,76
718,初級8,昼戦,8,HG,マカロフ,150,1,10,0,専用装備,ホローポイント弾,X外骨格,3564,490,77
718,初級8,昼戦,229,SG,M870,100,0,10,0,防弾ベスト,バックショット,ドットサイト,7823,488,78
718,初級8,昼戦,164,SG,FP-6,100,0,10,0,防弾ベスト,バックショット,ドットサイト,7813,488,79
718,初級8,昼戦,20154,SG,M500 Mod,100,0,10,10,防弾ベスト,バックショット,専用装備,7785,486,80
718,初級8,昼戦,99,HG,Gr Mk23,100,0,10,0,サイレンサー,ホローポイント弾,X外骨格,3528,485,81
718,初級8,昼戦,1002,SG,エルフェルト,100,0,10,0,防弾ベスト,バックショット,ドットサイト,7771,485,82
718,初級8,昼戦,3,HG,M9,100,0,10,0,専用装備,ホローポイント弾,X外骨格,3515,483,83
718,初級8,昼戦,282,SG,DP-12,100,0,10,0,防弾ベスト,バックショット,ドットサイト,7734,483,84
718,初級8,昼戦,157,SG,Am KSG,100,0,10,0,防弾ベスト,バックショット,ドットサイト,7722,482,85
718,初級8,昼戦,212,HG,K5,100,0,10,0,サイレンサー,ホローポイント弾,X外骨格,3487,479,86
718,初級8,昼戦,20103,SMG,UMP45 Mod,200,1,10,10,X外骨格,ホローポイント弾,専用装備,6362,477,87
718,初級8,昼戦,281,SG,CAWS,78.4846,0,10,0,防弾ベスト,バックショット,ドットサイト,7546,471,88
718,初級8,昼戦,151,SG,M1887,100,0,4,0,防弾ベスト,バックショット,ドットサイト,7526,470,89
718,初級8,昼戦,189,SG,USAS-12,100,0,10,0,防弾ベスト,バックショット,ドットサイト,7482,467,90
718,初級8,昼戦,326,SG,512,100,0,10,0,防弾ベスト,バックショット,ホロサイト,7225,451,91
718,初級8,昼戦,1028,SMG,エージェントVector,100,0,10,0,専用装備,専用装備,ホロサイト,5916,443,92
718,初級8,昼戦,127,SMG,79式,100,0,10,0,X外骨格,専用装備,ホロサイト,5891,441,93
718,初級8,昼戦,153,SG,M37,100,0,10,0,防弾ベスト,スラッグ弾,ホロサイト,6928,433,94
718,初級8,昼戦,1019,SMG,ドロシー・ヘイズ,100,0,10,0,X外骨格,専用装備,ホロサイト,5780,433,95
718,初級8,昼戦,27,SMG,スコーピオン,100,0,10,0,X外骨格,専用装備,ホロサイト,5277,395,96
718,初級8,昼戦,121,MG,Mk48,100,0,1,0,徹甲弾,ホロサイト,アサルトパック,4925,307,97
718,初級8,昼戦,20053,RF,NTW-20 Mod,200,1,10,10,専用装備,オプティカル,カモフラージュマント,7738,290,98
718,初級8,昼戦,20252,RF,KSVK Mod,200,1,10,10,専用装備,オプティカル,カモフラージュマント,7538,282,99
718,初級8,昼戦,20037,RF,M14 Mod,200,1,10,10,徹甲弾,専用装備,カモフラージュマント,7348,275,100
718,初級8,昼戦,261,RF,QBU-88,100,0,10,0,徹甲弾,オプティカル,カモフラージュマント,7190,269,101
718,初級8,昼戦,1024,RF,リコ,150,1,10,0,徹甲弾,オプティカル,専用装備,7145,267,102
718,初級8,昼戦,20039,RF,モシン・ナガン Mod,100,0,10,10,徹甲弾,専用装備,専用装備,7105,266,103
718,初級8,昼戦,36,RF,スプリングフィールド,100,0,10,0,専用装備,オプティカル,カモフラージュマント,7091,265,104
718,初級8,昼戦,20095,RF,漢陽88式 Mod,200,1,10,10,専用装備,専用装備,カモフラージュマント,7093,265,105
718,初級8,昼戦,50,RF,リー・エンフィールド,100,0,10,0,徹甲弾,専用装備,カモフラージュマント,6968,261,106
718,初級8,昼戦,48,RF,WA2000,150,1,10,0,徹甲弾,オプティカル,カモフラージュマント,6950,260,107
718,初級8,昼戦,266,RF,R93,100,0,10,0,徹甲弾,オプティカル,カモフラージュマント,6957,260,108
724,中級4,昼戦,20055,AR,M4A1 Mod,200,1,10,10,オプティカル,高速弾,専用装備,8492,1167,1
724,中級4,昼戦,20065,AR,416 Mod,200,1,10,10,専用装備,高速弾,専用装備,7594,1044,2
724,中級4,昼戦,54,AR,M16A1,150,1,10,0,高速弾,防弾ベスト,専用装備,6853,942,3
724,中級4,昼戦,213,SMG,C-MS,100,0,10,0,T外骨格,徹甲弾,ドットサイト,7391,923,4
724,中級4,昼戦,20026,SMG,Gr MP5 Mod,200,1,10,10,専用装備,ホローポイント弾,専用装備,7369,921,5
724,中級4,昼戦,338,AR,SIG MCX,85.4938,0,10,0,オプティカル,高速弾,T外骨格,5338,880,6
724,中級4,昼戦,20057,AR,ST AR-15 Mod,200,1,10,10,オプティカル,オプティカル,専用装備,6374,876,7
724,中級4,昼戦,62,AR,Gr G41,100,0,10,0,オプティカル,高速弾,専用装備,6339,871,8
724,中級4,昼戦,20101,SMG,UMP9 Mod,100,0,10,10,専用装備,ホローポイント弾,専用装備,6945,868,9
724,中級4,昼戦,20056,AR,M4 SOPMOD II Mod,200,1,10,10,オプティカル,専用装備,高速弾,6304,866,10
724,中級4,昼戦,1027,AR,アンジェリカ,100,0,10,0,オプティカル,高速弾,専用装備,6211,854,11
724,中級4,昼戦,20064,AR,Gr G36 Mod,200,1,10,10,専用装備,高速弾,T外骨格,6067,834,12
724,中級4,昼戦,20103,SMG,UMP45 Mod,200,1,10,10,T外骨格,ホローポイント弾,専用装備,6657,832,13
724,中級4,昼戦,20029,SMG,ステンMK-II Mod,150,1,10,10,T外骨格,ホローポイント弾,専用装備,6574,821,14
724,中級4,昼戦,228,SMG,一〇〇式,100,0,10,0,T外骨格,ホローポイント弾,専用装備,6468,808,15
724,中級4,昼戦,205,AR,AN-94,150,1,10,0,オプティカル,高速弾,T外骨格,5867,806,16
724,中級4,昼戦,215,AR,MDR,100,0,10,0,専用装備,高速弾,T外骨格,5811,799,17
724,中級4,昼戦,245,SMG,P90,100,0,10,0,T外骨格,ホローポイント弾,ドットサイト,6382,797,18
724,中級4,昼戦,127,SMG,79式,100,0,10,0,T外骨格,専用装備,ドットサイト,6319,789,19
724,中級4,昼戦,206,AR,AK-12,100,0,10,0,オプティカル,高速弾,T外骨格,5708,784,20
724,中級4,昼戦,73,AR,AUG,100,0,10,0,オプティカル,高速弾,T外骨格,5679,780,21
724,中級4,昼戦,311,SMG,Lusa,100,0,10,0,T外骨格,ホローポイント弾,ドットサイト,6244,780,22
724,中級4,昼戦,122,AR,Gr G11,150,1,10,0,オプティカル,高速弾,T外骨格,5629,773,23
724,中級4,昼戦,274,AR,ACR,100,0,10,0,オプティカル,高速弾,T外骨格,5624,773,24
724,中級4,昼戦,1023,SMG,ヘンリエッタ,50.3533,0,10,0,T外骨格,ホローポイント弾,専用装備,6182,772,25
724,中級4,昼戦,243,AR,64式自,100,0,10,0,オプティカル,高速弾,T外骨格,5610,771,26
724,中級4,昼戦,259,SMG,PM-9,100,0,10,0,T外骨格,ホローポイント弾,ドットサイト,6160,770,27
724,中級4,昼戦,293,AR,AK-15,100,0,10,0,オプティカル,高速弾,T外骨格,5580,767,28
724,中級4,昼戦,313,AR,S-ACR,100,0,10,0,オプティカル,高速弾,T外骨格,5561,764,29
724,中級4,昼戦,236,AR,K11,100,0,10,0,オプティカル,高速弾,T外骨格,5545,762,30
724,中級4,昼戦,16,SMG,トンプソン,100,0,3,0,T外骨格,ホローポイント弾,ドットサイト,6088,761,31
724,中級4,昼戦,1019,SMG,ドロシー・ヘイズ,100,0,10,0,T外骨格,専用装備,ドットサイト,6091,761,32
724,中級4,昼戦,28,SMG,Gr MP7,100,0,10,0,T外骨格,ホローポイント弾,ドットサイト,6088,761,33
724,中級4,昼戦,115,SMG,スオミ,100,0,10,0,T外骨格,ホローポイント弾,ドットサイト,6085,760,34
724,中級4,昼戦,234,SMG,JS 9,100,0,10,0,外骨格,ホローポイント弾,ドットサイト,6083,760,35
724,中級4,昼戦,290,AR,89式,100,0,10,0,オプティカル,高速弾,X外骨格,5493,755,36
724,中級4,昼戦,1028,SMG,エージェントVector,100,0,10,0,専用装備,ホローポイント弾,ドットサイト,6000,750,37
724,中級4,昼戦,106,AR,FAL,150,1,10,0,オプティカル,高速弾,X外骨格,5420,745,38
724,中級4,昼戦,214,AR,ADS,100,0,10,0,オプティカル,高速弾,X外骨格,5406,743,39
724,中級4,昼戦,129,AR,95式,100,0,10,0,専用装備,高速弾,X外骨格,5396,741,40
724,中級4,昼戦,194,AR,K2,100,0,10,0,オプティカル,高速弾,X外骨格,5394,741,41
724,中級4,昼戦,172,AR,Am RFB,100,0,10,0,専用装備,高速弾,X外骨格,5395,741,42
724,中級4,昼戦,143,SMG,RO635,100,0,10,0,X外骨格,ホローポイント弾,ドットサイト,5843,730,43
724,中級4,昼戦,251,SMG,X95,100,0,10,0,X外骨格,ホローポイント弾,ドットサイト,5820,727,44
724,中級4,昼戦,20,SMG,Vector,100,0,10,0,X外骨格,ホローポイント弾,ドットサイト,5801,725,45
724,中級4,昼戦,1029,AR,エージェント416,100,0,10,0,オプティカル,専用装備,X外骨格,5222,718,46
724,中級4,昼戦,104,SMG,Gr G36c,100,0,10,0,X外骨格,ホローポイント弾,ドットサイト,5742,717,47
724,中級4,昼戦,224,SMG,PM-06,100,0,10,0,X外骨格,ホローポイント弾,ドットサイト,5722,715,48
724,中級4,昼戦,135,SMG,SR-3MP,100,0,10,0,X外骨格,ホローポイント弾,ドットサイト,5718,714,49
724,中級4,昼戦,328,SMG,AR-57,100,0,10,0,X外骨格,ホローポイント弾,ドットサイト,5567,695,50
724,中級4,昼戦,27,SMG,スコーピオン,100,0,10,0,X外骨格,専用装備,ドットサイト,5364,670,51
724,中級4,昼戦,32,SMG,Micro Uzi,100,0,10,0,X外骨格,ホローポイント弾,ドットサイト,5265,658,52
724,中級4,昼戦,183,HG,コンテンダー,100,0,10,0,サイレンサー,徹甲弾,X外骨格,4751,653,53
724,中級4,昼戦,136,SMG,PP-19,100,0,3,0,X外骨格,ホローポイント弾,ドットサイト,5208,651,54
724,中級4,昼戦,280,SMG,MAT-49,100,0,1,0,X外骨格,ホローポイント弾,ドットサイト,5203,650,55
724,中級4,昼戦,18,SMG,イングラム,100,0,2,0,X外骨格,ホローポイント弾,ホロサイト,4931,616,56
724,中級4,昼戦,22,SMG,PPS-43,100,0,4,0,X外骨格,ホローポイント弾,ホロサイト,4788,598,57
724,中級4,昼戦,20221,HG,GSh-18 Mod,100,0,10,10,サイレンサー,専用装備,X外骨格,4293,590,58
724,中級4,昼戦,20097,HG,M950A Mod,100,0,10,10,サイレンサー,ホローポイント弾,X外骨格,4263,586,59
724,中級4,昼戦,20053,RF,NTW-20 Mod,200,1,10,10,専用装備,オプティカル,カモフラージュマント,7738,580,60
724,中級4,昼戦,20007,HG,スチェッキン Mod,100,0,10,10,専用装備,ホローポイント弾,専用装備,4156,571,61
724,中級4,昼戦,20252,RF,KSVK Mod,200,1,10,10,専用装備,オプティカル,カモフラージュマント,7538,565,62
724,中級4,昼戦,20037,RF,M14 Mod,200,1,10,10,徹甲弾,専用装備,カモフラージュマント,7348,551,63
724,中級4,昼戦,20001,HG,コルトSAA Mod,91.8008,0,10,10,専用装備,ホローポイント弾,X外骨格,3946,542,64
724,中級4,昼戦,261,RF,QBU-88,100,0,10,0,徹甲弾,オプティカル,カモフラージュマント,7190,539,65
724,中級4,昼戦,1024,RF,リコ,150,1,10,0,徹甲弾,オプティカル,専用装備,7145,535,66
724,中級4,昼戦,20039,RF,モシン・ナガン Mod,100,0,10,10,徹甲弾,専用装備,専用装備,7105,532,67
724,中級4,昼戦,36,RF,スプリングフィールド,100,0,10,0,専用装備,オプティカル,カモフラージュマント,7091,531,68
724,中級4,昼戦,20095,RF,漢陽88式 Mod,200,1,10,10,専用装備,専用装備,カモフラージュマント,7093,531,69
724,中級4,昼戦,242,HG,P22,100,0,10,0,サイレンサー,ホローポイント弾,X外骨格,3865,531,70
724,中級4,昼戦,50,RF,リー・エンフィールド,100,0,10,0,徹甲弾,専用装備,カモフラージュマント,6968,522,71
724,中級4,昼戦,48,RF,WA2000,150,1,10,0,徹甲弾,オプティカル,カモフラージュマント,6950,521,72
724,中級4,昼戦,266,RF,R93,100,0,10,0,徹甲弾,オプティカル,カモフラージュマント,6957,521,73
724,中級4,昼戦,46,RF,Kar98k,100,0,10,0,徹甲弾,専用装備,カモフラージュマント,6714,503,74
724,中級4,昼戦,296,RF,Gr SL8,100,0,10,0,徹甲弾,オプティカル,カモフラージュマント,6719,503,75
724,中級4,昼戦,1017,HG,ジル・スティングレイ,100,0,10,0,サイレンサー,専用装備,X外骨格,3655,502,76
724,中級4,昼戦,329,RF,SVCh,100,0,10,0,徹甲弾,オプティカル,カモフラージュマント,6697,502,77
724,中級4,昼戦,163,SG,AA-12,100,0,10,0,防弾ベスト,専用装備,ホロサイト,8020,501,78
724,中級4,昼戦,20002,HG,M1911 Mod,100,0,10,10,サイレンサー,専用装備,X外骨格,3635,499,79
724,中級4,昼戦,231,RF,M82A1,100,0,10,0,徹甲弾,オプティカル,カモフラージュマント,6641,498,80
724,中級4,昼戦,312,RF,VSK-94,100,0,10,0,徹甲弾,オプティカル,カモフラージュマント,6651,498,81
724,中級4,昼戦,188,SG,S.A.T.8,100,0,10,0,防弾ベスト,バックショット,ホロサイト,7892,493,82
724,中級4,昼戦,257,RF,M200,100,0,10,0,徹甲弾,オプティカル,カモフラージュマント,6586,493,83
724,中級4,昼戦,197,RF,カルカノ M1891,150,1,10,0,徹甲弾,オプティカル,カモフラージュマント,6578,493,84
724,中級4,昼戦,323,SG,LTLX7000,100,0,10,0,防弾ベスト,バックショット,ホロサイト,7894,493,85
724,中級4,昼戦,43,RF,SVD,150,1,10,0,徹甲弾,オプティカル,カモフラージュマント,6568,492,86
724,中級4,昼戦,198,RF,カルカノ M91/38,100,0,10,0,徹甲弾,オプティカル,カモフラージュマント,6552,491,87
724,中級4,昼戦,1020,RF,ステラ・星井,100,0,10,0,徹甲弾,オプティカル,専用装備,6496,487,88
724,中級4,昼戦,20154,SG,M500 Mod,100,0,10,10,防弾ベスト,バックショット,専用装備,7785,486,89
724,中級4,昼戦,324,SG,M6 ASW,100,0,10,0,防弾ベスト,バックショット,ホロサイト,7762,485,90
724,中級4,昼戦,148,RF,IWS 2000,100,0,10,0,徹甲弾,オプティカル,カモフラージュマント,6446,483,91
724,中級4,昼戦,20051,RF,FF FN49 Mod,100,0,10,10,徹甲弾,専用装備,カモフラージュマント,6407,480,92
724,中級4,昼戦,229,SG,M870,100,0,10,0,防弾ベスト,バックショット,ホロサイト,7644,477,93
724,中級4,昼戦,164,SG,FP-6,100,0,10,0,防弾ベスト,バックショット,ホロサイト,7646,477,94
724,中級4,昼戦,146,RF,Gr G28,100,0,10,0,徹甲弾,オプティカル,カモフラージュマント,6339,475,95
724,中級4,昼戦,157,SG,Am KSG,100,0,10,0,防弾ベスト,バックショット,ホロサイト,7562,472,96
724,中級4,昼戦,1002,SG,エルフェルト,100,0,10,0,防弾ベスト,バックショット,ホロサイト,7562,472,97
724,中級4,昼戦,282,SG,DP-12,100,0,10,0,防弾ベスト,バックショット,ホロサイト,7561,472,98
724,中級4,昼戦,273,RF,SSG3000,100,0,10,0,徹甲弾,オプティカル,カモフラージュマント,6259,469,99
724,中級4,昼戦,281,SG,CAWS,78.4846,0,10,0,防弾ベスト,バックショット,ホロサイト,7375,460,100
724,中級4,昼戦,189,SG,USAS-12,100,0,10,0,防弾ベスト,バックショット,ホロサイト,7304,456,101
724,中級4,昼戦,151,SG,M1887,100,0,4,0,防弾ベスト,バックショット,ホロサイト,7294,455,102
724,中級4,昼戦,326,SG,512,100,0,10,0,防弾ベスト,バックショット,ホロサイト,7225,451,103
724,中級4,昼戦,153,SG,M37,100,0,10,0,防弾ベスト,スラッグ弾,ホロサイト,6928,433,104
724,中級4,昼戦,20075,MG,M1918 Mod,100,0,10,10,徹甲弾,専用装備,専用装備,9593,359,105
724,中級4,昼戦,20081,MG,LWMMG Mod,100,0,10,10,徹甲弾,専用装備,アサルトパック,9528,357,106
724,中級4,昼戦,125,MG,Gr MG4,99.9741,0,10,0,徹甲弾,専用装備,アサルトパック,9379,351,107
724,中級4,昼戦,253,MG,ルイス,100,0,10,0,徹甲弾,オプティカル,アサルトパック,8906,333,108
728,中級8,昼戦,183,HG,コンテンダー,100,0,10,0,サイレンサー,徹甲弾,T外骨格,4756,951,1
728,中級8,昼戦,164,SG,FP-6,100,0,10,0,防弾ベスト,バックショット,ドットサイト,7813,937,2
728,中級8,昼戦,213,SMG,C-MS,100,0,10,0,T外骨格,徹甲弾,ドットサイト,7391,923,3
728,中級8,昼戦,20026,SMG,Gr MP5 Mod,200,1,10,10,専用装備,ホローポイント弾,専用装備,7369,921,4
728,中級8,昼戦,20101,SMG,UMP9 Mod,100,0,10,10,専用装備,ホローポイント弾,専用装備,6945,868,5
728,中級8,昼戦,162,SG,SPAS-12,100,0,4,0,防弾ベスト,バックショット,ドットサイト,7225,867,6
728,中級8,昼戦,20221,HG,GSh-18 Mod,100,0,10,10,サイレンサー,専用装備,T外骨格,4293,858,7
728,中級8,昼戦,20097,HG,M950A Mod,100,0,10,10,サイレンサー,ホローポイント弾,X外骨格,4263,852,8
728,中級8,昼戦,202,HG,Thunder,100,0,10,0,サイレンサー,ホローポイント弾,T外骨格,3492,838,9
728,中級8,昼戦,20103,SMG,UMP45 Mod,200,1,10,10,T外骨格,ホローポイント弾,専用装備,6657,832,10
728,中級8,昼戦,20007,HG,スチェッキン Mod,100,0,10,10,専用装備,ホローポイント弾,専用装備,4156,831,11
728,中級8,昼戦,20029,SMG,ステンMK-II Mod,150,1,10,10,T外骨格,ホローポイント弾,専用装備,6574,821,12
728,中級8,昼戦,228,SMG,一〇〇式,100,0,10,0,T外骨格,ホローポイント弾,専用装備,6468,808,13
728,中級8,昼戦,188,SG,S.A.T.8,100,0,10,0,防弾ベスト,バックショット,ドットサイト,8040,804,14
728,中級8,昼戦,163,SG,AA-12,100,0,10,0,防弾ベスト,専用装備,ホロサイト,8020,802,15
728,中級8,昼戦,323,SG,LTLX7000,100,0,10,0,防弾ベスト,バックショット,ドットサイト,8007,800,16
728,中級8,昼戦,20001,HG,コルトSAA Mod,91.8008,0,10,10,専用装備,ホローポイント弾,T外骨格,3998,799,17
728,中級8,昼戦,245,SMG,P90,100,0,10,0,T外骨格,ホローポイント弾,ドットサイト,6382,797,18
728,中級8,昼戦,324,SG,M6 ASW,100,0,10,0,防弾ベスト,バックショット,ドットサイト,7960,796,19
728,中級8,昼戦,127,SMG,79式,100,0,10,0,T外骨格,専用装備,ドットサイト,6319,789,20
728,中級8,昼戦,229,SG,M870,100,0,10,0,防弾ベスト,バックショット,ドットサイト,7823,782,21
728,中級8,昼戦,311,SMG,Lusa,100,0,10,0,T外骨格,ホローポイント弾,ドットサイト,6244,780,22
728,中級8,昼戦,20154,SG,M500 Mod,100,0,10,10,防弾ベスト,バックショット,専用装備,7785,778,23
728,中級8,昼戦,1002,SG,エルフェルト,100,0,10,0,防弾ベスト,バックショット,ドットサイト,7771,777,24
728,中級8,昼戦,282,SG,DP-12,100,0,10,0,防弾ベスト,バックショット,ドットサイト,7734,773,25
728,中級8,昼戦,242,HG,P22,100,0,10,0,サイレンサー,ホローポイント弾,X外骨格,3865,773,26
728,中級8,昼戦,157,SG,Am KSG,100,0,10,0,防弾ベスト,バックショット,ドットサイト,7722,772,27
728,中級8,昼戦,1023,SMG,ヘンリエッタ,50.3533,0,10,0,T外骨格,ホローポイント弾,専用装備,6182,772,28
728,中級8,昼戦,294,HG,ウェブリー,100,0,10,0,サイレンサー,ホローポイント弾,T外骨格,3859,771,29
728,中級8,昼戦,126,HG,NZ75,100,0,10,0,専用装備,ホローポイント弾,X外骨格,3854,770,30
728,中級8,昼戦,259,SMG,PM-9,100,0,10,0,T外骨格,ホローポイント弾,ドットサイト,6160,770,31
728,中級8,昼戦,1018,HG,セイ・P・アサギリ,100,0,10,0,サイレンサー,ホローポイント弾,専用装備,3816,763,32
728,中級8,昼戦,1017,HG,ジル・スティングレイ,100,0,10,0,サイレンサー,ホローポイント弾,T外骨格,3811,762,33
728,中級8,昼戦,16,SMG,トンプソン,100,0,3,0,T外骨格,ホローポイント弾,ドットサイト,6088,761,34
728,中級8,昼戦,1019,SMG,ドロシー・ヘイズ,100,0,10,0,T外骨格,専用装備,ドットサイト,6091,761,35
728,中級8,昼戦,28,SMG,Gr MP7,100,0,10,0,T外骨格,ホローポイント弾,ドットサイト,6088,761,36
728,中級8,昼戦,115,SMG,スオミ,100,0,10,0,T外骨格,ホローポイント弾,ドットサイト,6085,760,37
728,中級8,昼戦,234,SMG,JS 9,100,0,10,0,T外骨格,ホローポイント弾,ドットサイト,6083,760,38
728,中級8,昼戦,114,HG,ウェルロッドMkⅡ,100,0,10,0,サイレンサー,ホローポイント弾,T外骨格,3798,759,39
728,中級8,昼戦,143,SMG,RO635,100,0,10,0,T外骨格,ホローポイント弾,ドットサイト,6064,758,40
728,中級8,昼戦,251,SMG,X95,100,0,10,0,T外骨格,ホローポイント弾,ドットサイト,6056,757,41
728,中級8,昼戦,250,HG,HS2000,100,0,10,0,サイレンサー,ホローポイント弾,X外骨格,3783,756,42
728,中級8,昼戦,303,HG,HP-35,100,0,10,0,サイレンサー,ホローポイント弾,T外骨格,3772,754,43
728,中級8,昼戦,281,SG,CAWS,78.4846,0,10,0,防弾ベスト,バックショット,ドットサイト,7546,754,44
728,中級8,昼戦,260,HG,PA-15,100,0,10,0,サイレンサー,ホローポイント弾,X外骨格,3745,749,45
728,中級8,昼戦,4,HG,パイソン,100,0,10,0,サイレンサー,ホローポイント弾,X外骨格,3740,748,46
728,中級8,昼戦,96,HG,グリズリー,100,0,10,0,サイレンサー,ホローポイント弾,T外骨格,3737,747,47
728,中級8,昼戦,20055,AR,M4A1 Mod,200,1,10,10,オプティカル,高速弾,専用装備,8492,743,48
728,中級8,昼戦,1028,SMG,エージェントVector,100,0,10,0,外骨格,専用装備,ホロサイト,5916,739,49
728,中級8,昼戦,189,SG,USAS-12,100,0,10,0,防弾ベスト,バックショット,ホロサイト,7304,730,50
728,中級8,昼戦,151,SG,M1887,100,0,4,0,防弾ベスト,バックショット,ホロサイト,7294,729,51
728,中級8,昼戦,20002,HG,M1911 Mod,100,0,10,10,サイレンサー,専用装備,X外骨格,3635,727,52
728,中級8,昼戦,326,SG,512,100,0,10,0,防弾ベスト,スラッグ弾,ホロサイト,7032,703,53
728,中級8,昼戦,153,SG,M37,100,0,10,0,防弾ベスト,スラッグ弾,ホロサイト,6928,692,54
728,中級8,昼戦,20065,AR,416 Mod,200,1,10,10,専用装備,高速弾,専用装備,7594,664,55
728,中級8,昼戦,27,SMG,スコーピオン,100,0,10,0,X外骨格,専用装備,ホロサイト,5277,659,56
728,中級8,昼戦,20053,RF,NTW-20 Mod,200,1,10,10,専用装備,オプティカル,カモフラージュマント,7738,580,57
728,中級8,昼戦,20252,RF,KSVK Mod,200,1,10,10,専用装備,オプティカル,カモフラージュマント,7538,565,58
728,中級8,昼戦,20057,AR,ST AR-15 Mod,200,1,10,10,オプティカル,オプティカル,専用装備,6374,557,59
728,中級8,昼戦,62,AR,Gr G41,100,0,10,0,オプティカル,高速弾,専用装備,6339,554,60
728,中級8,昼戦,20037,RF,M14 Mod,200,1,10,10,徹甲弾,専用装備,カモフラージュマント,7348,551,61
728,中級8,昼戦,20056,AR,M4 SOPMOD II Mod,200,1,10,10,オプティカル,専用装備,高速弾,6304,551,62
728,中級8,昼戦,54,AR,M16A1,150,1,10,0,高速弾,X外骨格,専用装備,6301,551,63
728,中級8,昼戦,1027,AR,アンジェリカ,100,0,10,0,オプティカル,高速弾,専用装備,6211,543,64
728,中級8,昼戦,261,RF,QBU-88,100,0,10,0,徹甲弾,オプティカル,カモフラージュマント,7190,539,65
728,中級8,昼戦,1024,RF,リコ,150,1,10,0,徹甲弾,オプティカル,専用装備,7145,535,66
728,中級8,昼戦,20039,RF,モシン・ナガン Mod,100,0,10,10,徹甲弾,専用装備,専用装備,7105,532,67
728,中級8,昼戦,36,RF,スプリングフィールド,100,0,10,0,専用装備,オプティカル,カモフラージュマント,7091,531,68
728,中級8,昼戦,20095,RF,漢陽88式 Mod,200,1,10,10,専用装備,専用装備,カモフラージュマント,7093,531,69
728,中級8,昼戦,20064,AR,Gr G36 Mod,200,1,10,10,専用装備,高速弾,X外骨格,6010,525,70
728,中級8,昼戦,50,RF,リー・エンフィールド,100,0,10,0,徹甲弾,専用装備,カモフラージュマント,6968,522,71
728,中級8,昼戦,48,RF,WA2000,150,1,10,0,徹甲弾,オプティカル,カモフラージュマント,6950,521,72
728,中級8,昼戦,266,RF,R93,100,0,10,0,徹甲弾,オプティカル,カモフラージュマント,6957,521,73
728,中級8,昼戦,205,AR,AN-94,150,1,10,0,オプティカル,高速弾,X外骨格,5851,511,74
728,中級8,昼戦,215,AR,MDR,100,0,10,0,専用装備,高速弾,X外骨格,5769,504,75
728,中級8,昼戦,46,RF,Kar98k,100,0,10,0,徹甲弾,専用装備,カモフラージュマント,6714,503,76
728,中級8,昼戦,296,RF,Gr SL8,100,0,10,0,徹甲弾,オプティカル,カモフラージュマント,6719,503,77
728,中級8,昼戦,329,RF,SVCh,100,0,10,0,徹甲弾,オプティカル,カモフラージュマント,6697,502,78
728,中級8,昼戦,206,AR,AK-12,100,0,10,0,オプティカル,高速弾,X外骨格,5705,499,79
728,中級8,昼戦,231,RF,M82A1,100,0,10,0,徹甲弾,オプティカル,カモフラージュマント,6641,498,80
728,中級8,昼戦,312,RF,VSK-94,100,0,10,0,徹甲弾,オプティカル,カモフラージュマント,6651,498,81
728,中級8,昼戦,73,AR,AUG,100,0,10,0,オプティカル,高速弾,X外骨格,5646,494,82
728,中級8,昼戦,257,RF,M200,100,0,10,0,徹甲弾,オプティカル,カモフラージュマント,6586,493,83
728,中級8,昼戦,197,RF,カルカノ M1891,150,1,10,0,徹甲弾,オプティカル,カモフラージュマント,6578,493,84
728,中級8,昼戦,43,RF,SVD,150,1,10,0,徹甲弾,オプティカル,カモフラージュマント,6568,492,85
728,中級8,昼戦,122,AR,Gr G11,150,1,10,0,オプティカル,高速弾,X外骨格,5629,492,86
728,中級8,昼戦,198,RF,カルカノ M91/38,100,0,10,0,徹甲弾,オプティカル,カモフラージュマント,6552,491,87
728,中級8,昼戦,274,AR,ACR,100,0,10,0,オプティカル,高速弾,X外骨格,5604,490,88
728,中級8,昼戦,1020,RF,ステラ・星井,100,0,10,0,徹甲弾,オプティカル,専用装備,6496,487,89
728,中級8,昼戦,293,AR,AK-15,100,0,10,0,オプティカル,高速弾,X外骨格,5562,486,90
728,中級8,昼戦,313,AR,S-ACR,100,0,10,0,オプティカル,高速弾,X外骨格,5543,485,91
728,中級8,昼戦,243,AR,64式自,100,0,10,0,オプティカル,高速弾,X外骨格,5529,483,92
728,中級8,昼戦,148,RF,IWS 2000,100,0,10,0,徹甲弾,オプティカル,カモフラージュマント,6446,483,93
728,中級8,昼戦,20051,RF,FF FN49 Mod,100,0,10,10,徹甲弾,専用装備,カモフラージュマント,6407,480,94
728,中級8,昼戦,290,AR,89式,100,0,10,0,オプティカル,高速弾,X外骨格,5493,480,95
728,中級8,昼戦,236,AR,K11,100,0,10,0,オプティカル,高速弾,X外骨格,5472,478,96
728,中級8,昼戦,146,RF,Gr G28,100,0,10,0,徹甲弾,オプティカル,カモフラージュマント,6339,475,97
728,中級8,昼戦,106,AR,FAL,150,1,10,0,オプティカル,高速弾,X外骨格,5420,474,98
728,中級8,昼戦,214,AR,ADS,100,0,10,0,オプティカル,高速弾,X外骨格,5406,473,99
728,中級8,昼戦,129,AR,95式,100,0,10,0,専用装備,高速弾,X外骨格,5396,472,100
728,中級8,昼戦,172,AR,Am RFB,100,0,10,0,専用装備,高速弾,X外骨格,5395,472,101
728,中級8,昼戦,194,AR,K2,100,0,10,0,オプティカル,高速弾,X外骨格,5394,471,102
728,中級8,昼戦,273,RF,SSG3000,100,0,10,0,徹甲弾,オプティカル,カモフラージュマント,6259,469,103
728,中級8,昼戦,338,AR,SIG MCX,85.4938,0,10,0,オプティカル,高速弾,X外骨格,5327,466,104
728,中級8,昼戦,1029,AR,エージェント416,100,0,10,0,オプティカル,専用装備,X外骨格,5222,456,105
728,中級8,昼戦,20075,MG,M1918 Mod,100,0,10,10,徹甲弾,専用装備,専用装備,9593,359,106
728,中級8,昼戦,20081,MG,LWMMG Mod,100,0,10,10,徹甲弾,専用装備,アサルトパック,9528,357,107
728,中級8,昼戦,125,MG,Gr MG4,99.9741,0,10,0,徹甲弾,専用装備,アサルトパック,9379,351,108
728,中級8,昼戦,253,MG,ルイス,100,0,10,0,徹甲弾,オプティカル,アサルトパック,8906,333,109
733,上級3,昼戦,183,HG,コンテンダー,100,0,10,0,サイレンサー,徹甲弾,T外骨格,4756,951,1
733,上級3,昼戦,329,RF,SVCh,100,0,10,0,徹甲弾,オプティカル,カモフラージュマント,6697,904,2
733,上級3,昼戦,260,HG,PA-15,100,0,10,0,サイレンサー,ホローポイント弾,X外骨格,3745,898,3
733,上級3,昼戦,20053,RF,NTW-20 Mod,200,1,10,10,専用装備,オプティカル,カモフラージュマント,7738,870,4
733,上級3,昼戦,20221,HG,GSh-18 Mod,100,0,10,10,サイレンサー,専用装備,T外骨格,4293,858,5
733,上級3,昼戦,20097,HG,M950A Mod,100,0,10,10,サイレンサー,ホローポイント弾,X外骨格,4263,852,6
733,上級3,昼戦,20252,RF,KSVK Mod,200,1,10,10,専用装備,オプティカル,カモフラージュマント,7538,848,7
733,上級3,昼戦,20007,HG,スチェッキン Mod,100,0,10,10,専用装備,ホローポイント弾,専用装備,4156,831,8
733,上級3,昼戦,20037,RF,M14 Mod,200,1,10,10,徹甲弾,専用装備,カモフラージュマント,7348,826,9
733,上級3,昼戦,261,RF,QBU-88,100,0,10,0,徹甲弾,オプティカル,カモフラージュマント,7190,808,10
733,上級3,昼戦,188,SG,S.A.T.8,100,0,10,0,防弾ベスト,バックショット,ドットサイト,8040,804,11
733,上級3,昼戦,1024,RF,リコ,150,1,10,0,徹甲弾,オプティカル,専用装備,7145,803,12
733,上級3,昼戦,163,SG,AA-12,100,0,10,0,防弾ベスト,専用装備,ホロサイト,8020,802,13
733,上級3,昼戦,323,SG,LTLX7000,100,0,10,0,防弾ベスト,バックショット,ドットサイト,8007,800,14
733,上級3,昼戦,20001,HG,コルトSAA Mod,91.8008,0,10,10,専用装備,ホローポイント弾,T外骨格,3998,799,15
733,上級3,昼戦,20039,RF,モシン・ナガン Mod,100,0,10,10,徹甲弾,専用装備,専用装備,7105,799,16
733,上級3,昼戦,36,RF,スプリングフィールド,100,0,10,0,専用装備,オプティカル,カモフラージュマント,7091,797,17
733,上級3,昼戦,20095,RF,漢陽88式 Mod,200,1,10,10,専用装備,専用装備,カモフラージュマント,7093,797,18
733,上級3,昼戦,324,SG,M6 ASW,100,0,10,0,防弾ベスト,バックショット,ドットサイト,7960,796,19
733,上級3,昼戦,50,RF,リー・エンフィールド,100,0,10,0,徹甲弾,専用装備,カモフラージュマント,6968,783,20
733,上級3,昼戦,266,RF,R93,100,0,10,0,徹甲弾,オプティカル,カモフラージュマント,6957,782,21
733,上級3,昼戦,229,SG,M870,100,0,10,0,防弾ベスト,バックショット,ドットサイト,7823,782,22
733,上級3,昼戦,48,RF,WA2000,150,1,10,0,徹甲弾,オプティカル,カモフラージュマント,6950,781,23
733,上級3,昼戦,164,SG,FP-6,100,0,10,0,防弾ベスト,バックショット,ドットサイト,7813,781,24
733,上級3,昼戦,20154,SG,M500 Mod,100,0,10,10,防弾ベスト,バックショット,専用装備,7785,778,25
733,上級3,昼戦,1002,SG,エルフェルト,100,0,10,0,防弾ベスト,バックショット,ドットサイト,7771,777,26
733,上級3,昼戦,282,SG,DP-12,100,0,10,0,防弾ベスト,バックショット,ドットサイト,7734,773,27
733,上級3,昼戦,242,HG,P22,100,0,10,0,サイレンサー,ホローポイント弾,X外骨格,3865,773,28
733,上級3,昼戦,157,SG,Am KSG,100,0,10,0,防弾ベスト,バックショット,ドットサイト,7722,772,29
733,上級3,昼戦,294,HG,ウェブリー,100,0,10,0,サイレンサー,ホローポイント弾,T外骨格,3859,771,30
733,上級3,昼戦,126,HG,NZ75,100,0,10,0,専用装備,ホローポイント弾,X外骨格,3854,770,31
733,上級3,昼戦,1018,HG,セイ・P・アサギリ,100,0,10,0,サイレンサー,ホローポイント弾,専用装備,3816,763,32
733,上級3,昼戦,1017,HG,ジル・スティングレイ,100,0,10,0,サイレンサー,ホローポイント弾,T外骨格,3811,762,33
733,上級3,昼戦,114,HG,ウェルロッドMkⅡ,100,0,10,0,サイレンサー,ホローポイント弾,T外骨格,3798,759,34
733,上級3,昼戦,250,HG,HS2000,100,0,10,0,サイレンサー,ホローポイント弾,X外骨格,3783,756,35
733,上級3,昼戦,46,RF,Kar98k,100,0,10,0,徹甲弾,専用装備,カモフラージュマント,6714,755,36
733,上級3,昼戦,296,RF,Gr SL8,100,0,10,0,徹甲弾,オプティカル,カモフラージュマント,6719,755,37
733,上級3,昼戦,303,HG,HP-35,100,0,10,0,サイレンサー,ホローポイント弾,T外骨格,3772,754,38
733,上級3,昼戦,281,SG,CAWS,78.4846,0,10,0,防弾ベスト,バックショット,ドットサイト,7546,754,39
733,上級3,昼戦,151,SG,M1887,100,0,4,0,防弾ベスト,バックショット,ドットサイト,7526,752,40
733,上級3,昼戦,189,SG,USAS-12,100,0,10,0,防弾ベスト,バックショット,ドットサイト,7482,748,41
733,上級3,昼戦,4,HG,パイソン,100,0,10,0,サイレンサー,ホローポイント弾,X外骨格,3740,748,42
733,上級3,昼戦,312,RF,VSK-94,100,0,10,0,徹甲弾,オプティカル,カモフラージュマント,6651,748,43
733,上級3,昼戦,96,HG,グリズリー,100,0,10,0,サイレンサー,ホローポイント弾,T外骨格,3737,747,44
733,上級3,昼戦,231,RF,M82A1,100,0,10,0,徹甲弾,オプティカル,カモフラージュマント,6641,747,45
733,上級3,昼戦,285,HG,C-93,100,0,10,0,サイレンサー,ホローポイント弾,X外骨格,3732,746,46
733,上級3,昼戦,233,HG,Px4 ストーム,100,0,10,0,サイレンサー,ホローポイント弾,X外骨格,3726,745,47
733,上級3,昼戦,20005,HG,M1895 Mod,100,0,10,10,専用装備,ホローポイント弾,T外骨格,3722,744,48
733,上級3,昼戦,272,HG,デザートイーグル,100,0,10,0,サイレンサー,ホローポイント弾,T外骨格,3724,744,49
733,上級3,昼戦,20055,AR,M4A1 Mod,200,1,10,10,オプティカル,高速弾,専用装備,8492,743,50
733,上級3,昼戦,257,RF,M200,100,0,10,0,徹甲弾,オプティカル,カモフラージュマント,6586,740,51
733,上級3,昼戦,197,RF,カルカノ M1891,150,1,10,0,徹甲弾,オプティカル,カモフラージュマント,6578,740,52
733,上級3,昼戦,326,SG,512,100,0,10,0,防弾ベスト,バックショット,ドットサイト,7393,739,53
733,上級3,昼戦,43,RF,SVD,150,1,10,0,徹甲弾,オプティカル,カモフラージュマント,6568,738,54
733,上級3,昼戦,198,RF,カルカノ M91/38,100,0,10,0,徹甲弾,オプティカル,カモフラージュマント,6552,737,55
733,上級3,昼戦,142,HG,Five-seven,100,0,10,0,サイレンサー,ホローポイント弾,X外骨格,3674,734,56
733,上級3,昼戦,1020,RF,ステラ・星井,100,0,10,0,徹甲弾,オプティカル,専用装備,6496,730,57
733,上級3,昼戦,166,HG,CZ75,100,0,10,0,サイレンサー,ホローポイント弾,X外骨格,3645,729,58
733,上級3,昼戦,20002,HG,M1911 Mod,100,0,10,10,サイレンサー,専用装備,T外骨格,3646,729,59
733,上級3,昼戦,148,RF,IWS 2000,100,0,10,0,徹甲弾,オプティカル,カモフラージュマント,6446,725,60
733,上級3,昼戦,20051,RF,FF FN49 Mod,100,0,10,10,徹甲弾,専用装備,カモフラージュマント,6407,720,61
733,上級3,昼戦,1009,HG,エル・クレア,100,0,10,0,サイレンサー,ホローポイント弾,X外骨格,3586,717,62
733,上級3,昼戦,1010,HG,エル・フェイル,100,0,10,0,サイレンサー,ホローポイント弾,X外骨格,3586,717,63
733,上級3,昼戦,146,RF,Gr G28,100,0,10,0,徹甲弾,オプティカル,カモフラージュマント,6339,713,64
733,上級3,昼戦,8,HG,マカロフ,150,1,10,0,専用装備,ホローポイント弾,X外骨格,3564,712,65
733,上級3,昼戦,99,HG,Gr Mk23,100,0,10,0,サイレンサー,ホローポイント弾,T外骨格,3539,707,66
733,上級3,昼戦,273,RF,SSG3000,100,0,10,0,徹甲弾,オプティカル,カモフラージュマント,6259,704,67
733,上級3,昼戦,3,HG,M9,100,0,10,0,専用装備,ホローポイント弾,T外骨格,3518,703,68
733,上級3,昼戦,202,HG,Thunder,100,0,10,0,サイレンサー,ホローポイント弾,T外骨格,3492,698,69
733,上級3,昼戦,212,HG,K5,100,0,10,0,サイレンサー,ホローポイント弾,X外骨格,3487,697,70
733,上級3,昼戦,153,SG,M37,100,0,10,0,防弾ベスト,スラッグ弾,ホロサイト,6928,692,71
733,上級3,昼戦,244,HG,TEC-9,100,0,10,0,サイレンサー,ホローポイント弾,T外骨格,3455,691,72
733,上級3,昼戦,98,HG,SPP-1,100,0,10,0,サイレンサー,ホローポイント弾,T外骨格,3443,688,73
733,上級3,昼戦,162,SG,SPAS-12,100,0,4,0,防弾ベスト,スラッグ弾,ホロサイト,6868,686,74
733,上級3,昼戦,10,HG,PPK,100,0,10,0,専用装備,ホローポイント弾,X外骨格,3333,666,75
733,上級3,昼戦,20065,AR,416 Mod,200,1,10,10,専用装備,高速弾,専用装備,7594,664,76
733,上級3,昼戦,54,AR,M16A1,150,1,10,0,高速弾,T外骨格,専用装備,6710,587,77
733,上級3,昼戦,20057,AR,ST AR-15 Mod,200,1,10,10,オプティカル,オプティカル,専用装備,6374,557,78
733,上級3,昼戦,62,AR,Gr G41,100,0,10,0,オプティカル,高速弾,専用装備,6339,554,79
733,上級3,昼戦,213,SMG,C-MS,100,0,10,0,T外骨格,徹甲弾,ドットサイト,7391,554,80
733,上級3,昼戦,20056,AR,M4 SOPMOD II Mod,200,1,10,10,オプティカル,専用装備,高速弾,6304,551,81
733,上級3,昼戦,1027,AR,アンジェリカ,100,0,10,0,オプティカル,高速弾,専用装備,6211,543,82
733,上級3,昼戦,20064,AR,Gr G36 Mod,200,1,10,10,専用装備,高速弾,T外骨格,6067,530,83
733,上級3,昼戦,205,AR,AN-94,150,1,10,0,オプティカル,高速弾,T外骨格,5867,513,84
733,上級3,昼戦,215,AR,MDR,100,0,10,0,専用装備,高速弾,T外骨格,5811,508,85
733,上級3,昼戦,206,AR,AK-12,100,0,10,0,オプティカル,高速弾,T外骨格,5708,499,86
733,上級3,昼戦,73,AR,AUG,100,0,10,0,オプティカル,高速弾,T外骨格,5679,496,87
733,上級3,昼戦,122,AR,Gr G11,150,1,10,0,オプティカル,高速弾,T外骨格,5629,492,88
733,上級3,昼戦,274,AR,ACR,100,0,10,0,オプティカル,高速弾,T外骨格,5624,492,89
733,上級3,昼戦,243,AR,64式自,100,0,10,0,オプティカル,高速弾,外骨格,5610,490,90
733,上級3,昼戦,293,AR,AK-15,100,0,10,0,オプティカル,高速弾,X外骨格,5562,486,91
733,上級3,昼戦,313,AR,S-ACR,100,0,10,0,オプティカル,高速弾,X外骨格,5543,485,92
733,上級3,昼戦,290,AR,89式,100,0,10,0,オプティカル,高速弾,X外骨格,5493,480,93
733,上級3,昼戦,236,AR,K11,100,0,10,0,オプティカル,高速弾,X外骨格,5472,478,94
733,上級3,昼戦,106,AR,FAL,150,1,10,0,オプティカル,高速弾,X外骨格,5420,474,95
733,上級3,昼戦,214,AR,ADS,100,0,10,0,オプティカル,高速弾,X外骨格,5406,473,96
733,上級3,昼戦,129,AR,95式,100,0,10,0,専用装備,高速弾,X外骨格,5396,472,97
733,上級3,昼戦,172,AR,Am RFB,100,0,10,0,専用装備,高速弾,X外骨格,5395,472,98
733,上級3,昼戦,194,AR,K2,100,0,10,0,オプティカル,高速弾,X外骨格,5394,471,99
733,上級3,昼戦,338,AR,SIG MCX,85.4938,0,10,0,オプティカル,高速弾,X外骨格,5327,466,100
733,上級3,昼戦,1029,AR,エージェント416,100,0,10,0,オプティカル,専用装備,X外骨格,5222,456,101
733,上級3,昼戦,127,SMG,79式,100,0,10,0,X外骨格,専用装備,ドットサイト,6070,455,102
733,上級3,昼戦,1028,SMG,エージェントVector,100,0,10,0,専用装備,専用装備,ドットサイト,6000,450,103
733,上級3,昼戦,1019,SMG,ドロシー・ヘイズ,100,0,10,0,X外骨格,専用装備,ドットサイト,5873,440,104
733,上級3,昼戦,20075,MG,M1918 Mod,100,0,10,10,徹甲弾,専用装備,専用装備,9593,359,105
733,上級3,昼戦,20081,MG,LWMMG Mod,100,0,10,10,徹甲弾,専用装備,アサルトパック,9528,357,106
733,上級3,昼戦,125,MG,Gr MG4,99.9741,0,10,0,徹甲弾,専用装備,アサルトパック,9379,351,107
733,上級3,昼戦,253,MG,ルイス,100,0,10,0,徹甲弾,ドットサイト,アサルトパック,8943,335,108
736,上級6,夜戦,20055,AR,M4A1 Mod,200,1,10,10,暗視装備,高速弾,専用装備,7607,1426,1
736,上級6,夜戦,20065,AR,416 Mod,200,1,10,10,暗視装備,高速弾,専用装備,6569,1231,2
736,上級6,夜戦,20057,AR,ST AR-15 Mod,200,1,10,10,オプティカル,暗視装備,専用装備,5770,1081,3
736,上級6,夜戦,20056,AR,M4 SOPMOD II Mod,200,1,10,10,オプティカル,暗視装備,高速弾,5714,1071,4
736,上級6,夜戦,62,AR,Gr G41,100,0,10,0,暗視装備,高速弾,専用装備,5648,1059,5
736,上級6,夜戦,54,AR,M16A1,150,1,10,0,高速弾,防弾ベスト,専用装備,5599,1049,6
736,上級6,夜戦,1027,AR,アンジェリカ,100,0,10,0,暗視装備,高速弾,専用装備,5574,1045,7
736,上級6,夜戦,20026,SMG,Gr MP5 Mod,200,1,10,10,専用装備,ホローポイント弾,暗視装備,6370,1035,8
736,上級6,夜戦,213,SMG,C-MS,100,0,10,0,T外骨格,徹甲弾,暗視装備,6360,1033,9
736,上級6,夜戦,20064,AR,Gr G36 Mod,200,1,10,10,暗視装備,高速弾,T外骨格,5464,1024,10
736,上級6,夜戦,20103,SMG,UMP45 Mod,200,1,10,10,専用装備,ホローポイント弾,暗視装備,6260,1017,11
736,上級6,夜戦,171,AR,リベロール,100,0,10,0,暗視装備,高速弾,T外骨格,4465,1004,12
736,上級6,夜戦,205,AR,AN-94,150,1,10,0,暗視装備,高速弾,T外骨格,5311,995,13
736,上級6,夜戦,20029,SMG,ステンMK-II Mod,150,1,10,10,T外骨格,ホローポイント弾,暗視装備,6073,986,14
736,上級6,夜戦,27,SMG,スコーピオン,100,0,10,0,T外骨格,専用装備,暗視装備,4982,971,15
736,上級6,夜戦,73,AR,AUG,100,0,10,0,暗視装備,高速弾,T外骨格,5178,970,16
736,上級6,夜戦,206,AR,AK-12,100,0,10,0,暗視装備,高速弾,T外骨格,5167,968,17
736,上級6,夜戦,274,AR,ACR,100,0,10,0,暗視装備,高速弾,T外骨格,5124,960,18
736,上級6,夜戦,122,AR,Gr G11,150,1,10,0,暗視装備,高速弾,T外骨格,5109,957,19
736,上級6,夜戦,243,AR,64式自,100,0,10,0,暗視装備,高速弾,T外骨格,5105,957,20
736,上級6,夜戦,228,SMG,一〇〇式,100,0,10,0,T外骨格,ホローポイント弾,専用装備,5860,952,21
736,上級6,夜戦,245,SMG,P90,100,0,10,0,T外骨格,ホローポイント弾,暗視装備,5863,952,22
736,上級6,夜戦,20101,SMG,UMP9 Mod,100,0,10,10,T外骨格,ホローポイント弾,暗視装備,5834,948,23
736,上級6,夜戦,313,AR,S-ACR,100,0,10,0,暗視装備,高速弾,T外骨格,5059,948,24
736,上級6,夜戦,236,AR,K11,100,0,10,0,暗視装備,高速弾,T外骨格,5057,948,25
736,上級6,夜戦,293,AR,AK-15,100,0,10,0,暗視装備,高速弾,T外骨格,5058,948,26
736,上級6,夜戦,290,AR,89式,100,0,10,0,暗視装備,高速弾,T外骨格,5036,944,27
736,上級6,夜戦,106,AR,FAL,150,1,10,0,暗視装備,高速弾,T外骨格,5028,942,28
736,上級6,夜戦,194,AR,K2,100,0,10,0,暗視装備,高速弾,T外骨格,4974,932,29
736,上級6,夜戦,214,AR,ADS,100,0,10,0,暗視装備,高速弾,T外骨格,4961,930,30
736,上級6,夜戦,215,AR,MDR,100,0,10,0,暗視装備,高速弾,T外骨格,4932,924,31
736,上級6,夜戦,311,SMG,Lusa,100,0,10,0,T外骨格,ホローポイント弾,暗視装備,5686,923,32
736,上級6,夜戦,1023,SMG,ヘンリエッタ,50.3533,0,10,0,T外骨格,ホローポイント弾,暗視装備,5657,919,33
736,上級6,夜戦,330,AR,FX-05,63.3948,0,1,0,暗視装備,高速弾,T外骨格,4063,914,34
736,上級6,夜戦,234,SMG,JS 9,100,0,10,0,外骨格,ホローポイント弾,暗視装備,5621,913,35
736,上級6,夜戦,338,AR,SIG MCX,85.4938,0,10,0,暗視装備,高速弾,X外骨格,4801,900,36
736,上級6,夜戦,1029,AR,エージェント416,100,0,10,0,暗視装備,専用装備,X外骨格,4732,887,37
736,上級6,夜戦,1019,SMG,ドロシー・ヘイズ,100,0,10,0,X外骨格,専用装備,暗視装備,5325,865,38
736,上級6,夜戦,1028,SMG,エージェントVector,100,0,10,0,専用装備,ホローポイント弾,暗視装備,5328,865,39
736,上級6,夜戦,16,SMG,トンプソン,100,0,3,0,X外骨格,ホローポイント弾,サイレンサー,4835,785,40
736,上級6,夜戦,115,SMG,スオミ,100,0,10,0,X外骨格,ホローポイント弾,サイレンサー,4781,776,41
736,上級6,夜戦,224,SMG,PM-06,100,0,10,0,X外骨格,ホローポイント弾,サイレンサー,4777,776,42
736,上級6,夜戦,28,SMG,Gr MP7,100,0,10,0,X外骨格,ホローポイント弾,サイレンサー,4770,775,43
736,上級6,夜戦,259,SMG,PM-9,100,0,10,0,X外骨格,ホローポイント弾,サイレンサー,4775,775,44
736,上級6,夜戦,143,SMG,RO635,100,0,10,0,X外骨格,ホローポイント弾,サイレンサー,4756,772,45
736,上級6,夜戦,104,SMG,Gr G36c,100,0,10,0,X外骨格,ホローポイント弾,サイレンサー,4745,771,46
736,上級6,夜戦,127,SMG,79式,100,0,10,0,X外骨格,専用装備,サイレンサー,4735,769,47
736,上級6,夜戦,251,SMG,X95,100,0,10,0,X外骨格,ホローポイント弾,サイレンサー,4646,754,48
736,上級6,夜戦,135,SMG,SR-3MP,100,0,10,0,X外骨格,ホローポイント弾,サイレンサー,4628,752,49
736,上級6,夜戦,20,SMG,Vector,100,0,10,0,X外骨格,ホローポイント弾,サイレンサー,4560,741,50
736,上級6,夜戦,328,SMG,AR-57,100,0,10,0,X外骨格,ホローポイント弾,サイレンサー,4564,741,51
736,上級6,夜戦,280,SMG,MAT-49,100,0,1,0,X外骨格,ホローポイント弾,サイレンサー,4298,698,52
736,上級6,夜戦,136,SMG,PP-19,100,0,3,0,X外骨格,ホローポイント弾,サイレンサー,4210,684,53
736,上級6,夜戦,32,SMG,Micro Uzi,100,0,10,0,X外骨格,ホローポイント弾,ドットサイト,4131,671,54
736,上級6,夜戦,18,SMG,イングラム,100,0,2,0,X外骨格,ホローポイント弾,サイレンサー,3986,647,55
736,上級6,夜戦,22,SMG,PPS-43,100,0,4,0,X外骨格,ホローポイント弾,サイレンサー,3971,645,56
736,上級6,夜戦,323,SG,LTLX7000,100,0,10,0,防弾ベスト,バックショット,ドットサイト,7027,614,57
736,上級6,夜戦,188,SG,S.A.T.8,100,0,10,0,防弾ベスト,バックショット,ドットサイト,6837,598,58
736,上級6,夜戦,1009,HG,エル・クレア,100,0,10,0,専用装備,ホローポイント弾,X外骨格,3377,590,59
736,上級6,夜戦,1010,HG,エル・フェイル,100,0,10,0,専用装備,ホローポイント弾,X外骨格,3377,590,60
736,上級6,夜戦,164,SG,FP-6,100,0,10,0,防弾ベスト,バックショット,ドットサイト,6695,585,61
736,上級6,夜戦,324,SG,M6 ASW,100,0,10,0,防弾ベスト,バックショット,ドットサイト,6664,583,62
736,上級6,夜戦,163,SG,AA-12,100,0,10,0,防弾ベスト,専用装備,ドットサイト,6638,580,63
736,上級6,夜戦,229,SG,M870,100,0,10,0,防弾ベスト,バックショット,ドットサイト,6634,580,64
736,上級6,夜戦,157,SG,Am KSG,100,0,10,0,防弾ベスト,バックショット,ドットサイト,6560,574,65
736,上級6,夜戦,282,SG,DP-12,100,0,10,0,防弾ベスト,バックショット,ドットサイト,6526,571,66
736,上級6,夜戦,1002,SG,エルフェルト,100,0,10,0,防弾ベスト,バックショット,ドットサイト,6513,569,67
736,上級6,夜戦,20154,SG,M500 Mod,100,0,10,10,防弾ベスト,バックショット,専用装備,6513,569,68
736,上級6,夜戦,151,SG,M1887,100,0,4,0,防弾ベスト,バックショット,ドットサイト,6454,564,69
736,上級6,夜戦,281,SG,CAWS,78.4846,0,10,0,防弾ベスト,バックショット,ドットサイト,6291,550,70
736,上級6,夜戦,20097,HG,M950A Mod,100,0,10,10,サイレンサー,ホローポイント弾,X外骨格,3111,544,71
736,上級6,夜戦,153,SG,M37,100,0,10,0,防弾ベスト,バックショット,ドットサイト,6172,540,72
736,上級6,夜戦,189,SG,USAS-12,100,0,10,0,防弾ベスト,バックショット,ドットサイト,6154,538,73
736,上級6,夜戦,183,HG,コンテンダー,100,0,10,0,サイレンサー,徹甲弾,X外骨格,3071,537,74
736,上級6,夜戦,1017,HG,ジル・スティングレイ,100,0,10,0,専用装備,専用装備,X外骨格,3066,536,75
736,上級6,夜戦,326,SG,512,100,0,10,0,防弾ベスト,スラッグ弾,ドットサイト,6081,532,76
736,上級6,夜戦,20007,HG,スチェッキン Mod,100,0,10,10,専用装備,ホローポイント弾,専用装備,3037,531,77
736,上級6,夜戦,20221,HG,GSh-18 Mod,100,0,10,10,サイレンサー,専用装備,X外骨格,3022,528,78
736,上級6,夜戦,20002,HG,M1911 Mod,100,0,10,10,サイレンサー,専用装備,X外骨格,2751,481,79
736,上級6,夜戦,20075,MG,M1918 Mod,100,0,10,10,徹甲弾,専用装備,専用装備,4730,236,80
736,上級6,夜戦,125,MG,Gr MG4,99.9741,0,10,0,徹甲弾,専用装備,アサルトパック,4729,236,81
736,上級6,夜戦,20081,MG,LWMMG Mod,100,0,10,10,徹甲弾,専用装備,アサルトパック,4528,226,82
736,上級6,夜戦,253,MG,ルイス,100,0,10,0,徹甲弾,ドットサイト,アサルトパック,4456,222,83
736,上級6,夜戦,112,MG,ネゲヴ,100,0,10,0,徹甲弾,ドットサイト,アサルトパック,4290,214,84
736,上級6,夜戦,292,MG,RPK-16,100,0,10,0,徹甲弾,ドットサイト,アサルトパック,4297,214,85
736,上級6,夜戦,307,MG,ZB-26,100,0,10,0,徹甲弾,ドットサイト,アサルトパック,4259,212,86
736,上級6,夜戦,1021,MG,アルマ・アルマス,100,0,10,0,徹甲弾,ドットサイト,専用装備,4224,211,87
736,上級6,夜戦,109,MG,Gr MG5,100,0,10,0,徹甲弾,ドットサイト,アサルトパック,4204,210,88
736,上級6,夜戦,208,MG,HMG21,100,0,10,0,徹甲弾,ドットサイト,アサルトパック,4184,209,89
736,上級6,夜戦,20053,RF,NTW-20 Mod,200,1,10,10,専用装備,オプティカル,カモフラージュマント,4044,202,90
736,上級6,夜戦,20252,RF,KSVK Mod,200,1,10,10,専用装備,オプティカル,カモフラージュマント,3958,197,91
736,上級6,夜戦,238,MG,88式,100,0,10,0,徹甲弾,ホロサイト,アサルトパック,3907,195,92
736,上級6,夜戦,20039,RF,モシン・ナガン Mod,100,0,10,10,徹甲弾,専用装備,専用装備,3879,193,93
736,上級6,夜戦,173,MG,PKP,100,0,10,0,徹甲弾,ホロサイト,アサルトパック,3796,189,94
736,上級6,夜戦,20037,RF,M14 Mod,200,1,10,10,徹甲弾,専用装備,カモフラージュマント,3749,187,95
736,上級6,夜戦,20095,RF,漢陽88式 Mod,200,1,10,10,専用装備,専用装備,カモフラージュマント,3716,185,96
736,上級6,夜戦,261,RF,QBU-88,100,0,10,0,徹甲弾,オプティカル,カモフラージュマント,3641,182,97
736,上級6,夜戦,275,MG,M1895 CB,100,0,10,0,徹甲弾,ホロサイト,アサルトパック,3656,182,98
736,上級6,夜戦,276,MG,Kord,100,0,10,0,徹甲弾,ホロサイト,アサルトパック,3653,182,99
736,上級6,夜戦,185,MG,Ameli,100,0,1,0,徹甲弾,ホロサイト,専用装備,3636,181,100
736,上級6,夜戦,266,RF,R93,100,0,10,0,徹甲弾,オプティカル,カモフラージュマント,3581,179,101
736,上級6,夜戦,85,MG,PK,100,0,10,0,徹甲弾,ホロサイト,アサルトパック,3505,175,102
736,上級6,夜戦,48,RF,WA2000,150,1,10,0,徹甲弾,オプティカル,カモフラージュマント,3484,174,103
736,上級6,夜戦,1024,RF,リコ,150,1,10,0,徹甲弾,オプティカル,専用装備,3499,174,104
736,上級6,夜戦,329,RF,SVCh,100,0,10,0,徹甲弾,オプティカル,カモフラージュマント,3490,174,105
736,上級6,夜戦,257,RF,M200,100,0,10,0,徹甲弾,オプティカル,カモフラージュマント,3453,172,106
736,上級6,夜戦,197,RF,カルカノ M1891,150,1,10,0,徹甲弾,オプティカル,カモフラージュマント,3435,171,107
736,上級6,夜戦,36,RF,スプリングフィールド,100,0,10,0,専用装備,オプティカル,カモフラージュマント,3379,168,108
738,上級8,昼戦,20055,AR,M4A1 Mod,200,1,10,10,オプティカル,高速弾,専用装備,8492,1592,1
738,上級8,昼戦,20065,AR,416 Mod,200,1,10,10,専用装備,高速弾,専用装備,7594,1423,2
738,上級8,昼戦,54,AR,M16A1,150,1,10,0,高速弾,防弾ベスト,専用装備,6853,1284,3
738,上級8,昼戦,20057,AR,ST AR-15 Mod,200,1,10,10,オプティカル,オプティカル,専用装備,6374,1195,4
738,上級8,昼戦,62,AR,Gr G41,100,0,10,0,オプティカル,高速弾,専用装備,6339,1188,5
738,上級8,昼戦,20056,AR,M4 SOPMOD II Mod,200,1,10,10,オプティカル,専用装備,高速弾,6304,1182,6
738,上級8,昼戦,1027,AR,アンジェリカ,100,0,10,0,オプティカル,高速弾,専用装備,6211,1164,7
738,上級8,昼戦,20064,AR,Gr G36 Mod,200,1,10,10,専用装備,高速弾,T外骨格,6067,1137,8
738,上級8,昼戦,326,SG,512,100,0,10,0,防弾ベスト,バックショット,ドットサイト,7393,1108,9
738,上級8,昼戦,205,AR,AN-94,150,1,10,0,オプティカル,高速弾,T外骨格,5867,1100,10
738,上級8,昼戦,215,AR,MDR,100,0,10,0,専用装備,高速弾,T外骨格,5811,1089,11
738,上級8,昼戦,162,SG,SPAS-12,100,0,4,0,防弾ベスト,バックショット,ドットサイト,7225,1083,12
738,上級8,昼戦,206,AR,AK-12,100,0,10,0,オプティカル,高速弾,T外骨格,5708,1070,13
738,上級8,昼戦,73,AR,AUG,100,0,10,0,オプティカル,高速弾,T外骨格,5679,1064,14
738,上級8,昼戦,122,AR,Gr G11,150,1,10,0,オプティカル,高速弾,T外骨格,5629,1055,15
738,上級8,昼戦,274,AR,ACR,100,0,10,0,オプティカル,高速弾,T外骨格,5624,1054,16
738,上級8,昼戦,243,AR,64式自,100,0,10,0,オプティカル,高速弾,T外骨格,5610,1051,17
738,上級8,昼戦,293,AR,AK-15,100,0,10,0,オプティカル,高速弾,T外骨格,5580,1046,18
738,上級8,昼戦,313,AR,S-ACR,100,0,10,0,オプティカル,高速弾,T外骨格,5561,1042,19
738,上級8,昼戦,236,AR,K11,100,0,10,0,オプティカル,高速弾,T外骨格,5545,1039,20
738,上級8,昼戦,290,AR,89式,100,0,10,0,オプティカル,高速弾,T外骨格,5533,1037,21
738,上級8,昼戦,106,AR,FAL,150,1,10,0,オプティカル,高速弾,T外骨格,5507,1032,22
738,上級8,昼戦,194,AR,K2,100,0,10,0,オプティカル,高速弾,T外骨格,5446,1021,23
738,上級8,昼戦,129,AR,95式,100,0,10,0,専用装備,高速弾,T外骨格,5443,1020,24
738,上級8,昼戦,214,AR,ADS,100,0,10,0,オプティカル,高速弾,T外骨格,5441,1020,25
738,上級8,昼戦,172,AR,Am RFB,100,0,10,0,専用装備,高速弾,T外骨格,5432,1018,26
738,上級8,昼戦,188,SG,S.A.T.8,100,0,10,0,防弾ベスト,バックショット,ドットサイト,8040,1005,27
738,上級8,昼戦,163,SG,AA-12,100,0,10,0,防弾ベスト,専用装備,ホロサイト,8020,1002,28
738,上級8,昼戦,323,SG,LTLX7000,100,0,10,0,防弾ベスト,バックショット,ドットサイト,8007,1000,29
738,上級8,昼戦,338,AR,SIG MCX,85.4938,0,10,0,オプティカル,高速弾,T外骨格,5338,1000,30
738,上級8,昼戦,324,SG,M6 ASW,100,0,10,0,防弾ベスト,バックショット,ドットサイト,7960,995,31
738,上級8,昼戦,1029,AR,エージェント416,100,0,10,0,オプティカル,専用装備,T外骨格,5273,988,32
738,上級8,昼戦,229,SG,M870,100,0,10,0,防弾ベスト,バックショット,ドットサイト,7823,977,33
738,上級8,昼戦,164,SG,FP-6,100,0,10,0,防弾ベスト,バックショット,ドットサイト,7813,976,34
738,上級8,昼戦,20154,SG,M500 Mod,100,0,10,10,防弾ベスト,バックショット,専用装備,7785,973,35
738,上級8,昼戦,1002,SG,エルフェルト,100,0,10,0,防弾ベスト,バックショット,ドットサイト,7771,971,36
738,上級8,昼戦,282,SG,DP-12,100,0,10,0,防弾ベスト,バックショット,ドットサイト,7734,966,37
738,上級8,昼戦,157,SG,Am KSG,100,0,10,0,防弾ベスト,バックショット,ドットサイト,7722,965,38
738,上級8,昼戦,281,SG,CAWS,78.4846,0,10,0,防弾ベスト,バックショット,ドットサイト,7546,943,39
738,上級8,昼戦,151,SG,M1887,100,0,4,0,防弾ベスト,バックショット,ドットサイト,7526,940,40
738,上級8,昼戦,189,SG,USAS-12,100,0,10,0,防弾ベスト,スラッグ弾,ホロサイト,7105,888,41
738,上級8,昼戦,183,HG,コンテンダー,100,0,10,0,サイレンサー,徹甲弾,T外骨格,4756,832,42
738,上級8,昼戦,213,SMG,C-MS,100,0,10,0,T外骨格,徹甲弾,ドットサイト,7391,831,43
738,上級8,昼戦,20026,SMG,Gr MP5 Mod,200,1,10,10,専用装備,ホローポイント弾,専用装備,7369,829,44
738,上級8,昼戦,20101,SMG,UMP9 Mod,100,0,10,10,専用装備,ホローポイント弾,専用装備,6945,781,45
738,上級8,昼戦,20053,RF,NTW-20 Mod,200,1,10,10,専用装備,オプティカル,カモフラージュマント,7738,773,46
738,上級8,昼戦,20252,RF,KSVK Mod,200,1,10,10,専用装備,オプティカル,カモフラージュマント,7538,753,47
738,上級8,昼戦,20221,HG,GSh-18 Mod,100,0,10,10,サイレンサー,専用装備,T外骨格,4293,751,48
738,上級8,昼戦,20103,SMG,UMP45 Mod,200,1,10,10,T外骨格,ホローポイント弾,専用装備,6657,748,49
738,上級8,昼戦,20097,HG,M950A Mod,100,0,10,10,サイレンサー,ホローポイント弾,X外骨格,4263,746,50
738,上級8,昼戦,20029,SMG,ステンMK-II Mod,150,1,10,10,T外骨格,ホローポイント弾,専用装備,6574,739,51
738,上級8,昼戦,20037,RF,M14 Mod,200,1,10,10,徹甲弾,専用装備,カモフラージュマント,7348,734,52
738,上級8,昼戦,228,SMG,一〇〇式,100,0,10,0,T外骨格,ホローポイント弾,専用装備,6468,727,53
738,上級8,昼戦,20007,HG,スチェッキン Mod,100,0,10,10,専用装備,ホローポイント弾,専用装備,4156,727,54
738,上級8,昼戦,85,MG,PK,100,0,10,0,徹甲弾,ドットサイト,アサルトパック,7994,719,55
738,上級8,昼戦,20075,MG,M1918 Mod,100,0,10,10,徹甲弾,専用装備,専用装備,9593,719,56
738,上級8,昼戦,261,RF,QBU-88,100,0,10,0,徹甲弾,オプティカル,カモフラージュマント,7190,719,57
738,上級8,昼戦,245,SMG,P90,100,0,10,0,外骨格,ホローポイント弾,ドットサイト,6382,717,58
738,上級8,昼戦,20081,MG,LWMMG Mod,100,0,10,10,徹甲弾,専用装備,アサルトパック,9528,714,59
738,上級8,昼戦,1024,RF,リコ,150,1,10,0,徹甲弾,オプティカル,専用装備,7145,714,60
738,上級8,昼戦,20039,RF,モシン・ナガン Mod,100,0,10,10,徹甲弾,専用装備,専用装備,7105,710,61
738,上級8,昼戦,36,RF,スプリングフィールド,100,0,10,0,専用装備,オプティカル,カモフラージュマント,7091,709,62
738,上級8,昼戦,20095,RF,漢陽88式 Mod,200,1,10,10,専用装備,専用装備,カモフラージュマント,7093,709,63
738,上級8,昼戦,125,MG,Gr MG4,99.9741,0,10,0,徹甲弾,専用装備,アサルトパック,9379,703,64
738,上級8,昼戦,50,RF,リー・エンフィールド,100,0,10,0,徹甲弾,専用装備,カモフラージュマント,6968,696,65
738,上級8,昼戦,48,RF,WA2000,150,1,10,0,徹甲弾,オプティカル,カモフラージュマント,6950,695,66
738,上級8,昼戦,266,RF,R93,100,0,10,0,徹甲弾,オプティカル,カモフラージュマント,6957,695,67
738,上級8,昼戦,20001,HG,コルトSAA Mod,91.8008,0,10,10,専用装備,ホローポイント弾,X外骨格,3946,690,68
738,上級8,昼戦,127,SMG,79式,100,0,10,0,X外骨格,専用装備,ドットサイト,6070,682,69
738,上級8,昼戦,242,HG,P22,100,0,10,0,サイレンサー,ホローポイント弾,X外骨格,3865,676,70
738,上級8,昼戦,1028,SMG,エージェントVector,100,0,10,0,専用装備,ホローポイント弾,ドットサイト,6000,675,71
738,上級8,昼戦,126,HG,NZ75,100,0,10,0,専用装備,ホローポイント弾,X外骨格,3854,674,72
738,上級8,昼戦,311,SMG,Lusa,100,0,10,0,X外骨格,ホローポイント弾,ドットサイト,5993,674,73
738,上級8,昼戦,259,SMG,PM-9,100,0,10,0,X外骨格,ホローポイント弾,ドットサイト,5987,673,74
738,上級8,昼戦,46,RF,Kar98k,100,0,10,0,徹甲弾,専用装備,カモフラージュマント,6714,671,75
738,上級8,昼戦,296,RF,Gr SL8,100,0,10,0,徹甲弾,オプティカル,カモフラージュマント,6719,671,76
738,上級8,昼戦,253,MG,ルイス,100,0,10,0,徹甲弾,ドットサイト,アサルトパック,8943,670,77
738,上級8,昼戦,294,HG,ウェブリー,100,0,10,0,サイレンサー,ホローポイント弾,X外骨格,3829,670,78
738,上級8,昼戦,1023,SMG,ヘンリエッタ,50.3533,0,10,0,X外骨格,ホローポイント弾,ドットサイト,5954,669,79
738,上級8,昼戦,329,RF,SVCh,100,0,10,0,徹甲弾,オプティカル,カモフラージュマント,6697,669,80
738,上級8,昼戦,1018,HG,セイ・P・アサギリ,100,0,10,0,サイレンサー,ホローポイント弾,専用装備,3816,667,81
738,上級8,昼戦,312,RF,VSK-94,100,0,10,0,徹甲弾,オプティカル,カモフラージュマント,6651,665,82
738,上級8,昼戦,231,RF,M82A1,100,0,10,0,徹甲弾,オプティカル,カモフラージュマント,6641,664,83
738,上級8,昼戦,114,HG,ウェルロッドMkⅡ,100,0,10,0,サイレンサー,ホローポイント弾,X外骨格,3783,662,84
738,上級8,昼戦,250,HG,HS2000,100,0,10,0,サイレンサー,ホローポイント弾,X外骨格,3783,662,85
738,上級8,昼戦,1017,HG,ジル・スティングレイ,100,0,10,0,サイレンサー,ホローポイント弾,X外骨格,3780,661,86
738,上級8,昼戦,234,SMG,JS 9,100,0,10,0,X外骨格,ホローポイント弾,ドットサイト,5879,661,87
738,上級8,昼戦,257,RF,M200,100,0,10,0,徹甲弾,オプティカル,カモフラージュマント,6586,658,88
738,上級8,昼戦,303,HG,HP-35,100,0,10,0,サイレンサー,ホローポイント弾,X外骨格,3765,658,89
738,上級8,昼戦,197,RF,カルカノ M1891,150,1,10,0,徹甲弾,オプティカル,カモフラージュマント,6578,657,90
738,上級8,昼戦,43,RF,SVD,150,1,10,0,徹甲弾,オプティカル,カモフラージュマント,6568,656,91
738,上級8,昼戦,198,RF,カルカノ M91/38,100,0,10,0,徹甲弾,オプティカル,カモフラージュマント,6552,655,92
738,上級8,昼戦,260,HG,PA-15,100,0,10,0,サイレンサー,ホローポイント弾,X外骨格,3745,655,93
738,上級8,昼戦,4,HG,パイソン,100,0,10,0,サイレンサー,ホローポイント弾,X外骨格,3740,654,94
738,上級8,昼戦,285,HG,C-93,100,0,10,0,サイレンサー,ホローポイント弾,X外骨格,3732,653,95
738,上級8,昼戦,233,HG,Px4 ストーム,100,0,10,0,サイレンサー,ホローポイント弾,X外骨格,3726,652,96
738,上級8,昼戦,272,HG,デザートイーグル,100,0,10,0,サイレンサー,ホローポイント弾,X外骨格,3722,651,97
738,上級8,昼戦,1019,SMG,ドロシー・ヘイズ,100,0,10,0,X外骨格,専用装備,ホロサイト,5780,650,98
738,上級8,昼戦,143,SMG,RO635,100,0,10,0,X外骨格,ホローポイント弾,ホロサイト,5777,649,99
738,上級8,昼戦,1020,RF,ステラ・星井,100,0,10,0,徹甲弾,オプティカル,専用装備,6496,649,100
738,上級8,昼戦,28,SMG,Gr MP7,100,0,10,0,X外骨格,ホローポイント弾,ホロサイト,5753,647,101
738,上級8,昼戦,115,SMG,スオミ,100,0,10,0,X外骨格,ホローポイント弾,ホロサイト,5741,645,102
738,上級8,昼戦,292,MG,RPK-16,100,0,10,0,徹甲弾,オプティカル,アサルトパック,8612,645,103
738,上級8,昼戦,148,RF,IWS 2000,100,0,10,0,徹甲弾,オプティカル,カモフラージュマント,6446,644,104
738,上級8,昼戦,1021,MG,アルマ・アルマス,100,0,10,0,徹甲弾,オプティカル,専用装備,8537,640,105
738,上級8,昼戦,20002,HG,M1911 Mod,100,0,10,10,サイレンサー,専用装備,X外骨格,3635,636,106
738,上級8,昼戦,27,SMG,スコーピオン,100,0,10,0,X外骨格,専用装備,ホロサイト,5277,593,107
743,コア3,昼戦,20055,AR,M4A1 Mod,200,1,10,10,オプティカル,高速弾,専用装備,8492,1061,1
743,コア3,昼戦,20065,AR,416 Mod,200,1,10,10,専用装備,高速弾,専用装備,7594,949,2
743,コア3,昼戦,54,AR,M16A1,150,1,10,0,高速弾,防弾ベスト,専用装備,6853,856,3
743,コア3,昼戦,324,SG,M6 ASW,100,0,10,0,防弾ベスト,バックショット,ドットサイト,7960,835,4
743,コア3,昼戦,213,SMG,C-MS,100,0,10,0,T外骨格,徹甲弾,ドットサイト,7391,831,5
743,コア3,昼戦,20026,SMG,Gr MP5 Mod,200,1,10,10,専用装備,ホローポイント弾,専用装備,7369,829,6
743,コア3,昼戦,164,SG,FP-6,100,0,10,0,防弾ベスト,バックショット,ドットサイト,7813,820,7
743,コア3,昼戦,157,SG,Am KSG,100,0,10,0,防弾ベスト,バックショット,ドットサイト,7722,810,8
743,コア3,昼戦,20057,AR,ST AR-15 Mod,200,1,10,10,オプティカル,オプティカル,専用装備,6374,796,9
743,コア3,昼戦,62,AR,Gr G41,100,0,10,0,オプティカル,高速弾,専用装備,6339,792,10
743,コア3,昼戦,20056,AR,M4 SOPMOD II Mod,200,1,10,10,オプティカル,専用装備,高速弾,6304,788,11
743,コア3,昼戦,20101,SMG,UMP9 Mod,100,0,10,10,専用装備,ホローポイント弾,専用装備,6945,781,12
743,コア3,昼戦,1027,AR,アンジェリカ,100,0,10,0,オプティカル,高速弾,専用装備,6211,776,13
743,コア3,昼戦,20064,AR,Gr G36 Mod,200,1,10,10,専用装備,高速弾,T外骨格,6067,758,14
743,コア3,昼戦,20103,SMG,UMP45 Mod,200,1,10,10,T外骨格,ホローポイント弾,専用装備,6657,748,15
743,コア3,昼戦,20029,SMG,ステンMK-II Mod,150,1,10,10,T外骨格,ホローポイント弾,専用装備,6574,739,16
743,コア3,昼戦,205,AR,AN-94,150,1,10,0,オプティカル,高速弾,T外骨格,5867,733,17
743,コア3,昼戦,228,SMG,一〇〇式,100,0,10,0,T外骨格,ホローポイント弾,専用装備,6468,727,18
743,コア3,昼戦,215,AR,MDR,100,0,10,0,専用装備,高速弾,T外骨格,5811,726,19
743,コア3,昼戦,245,SMG,P90,100,0,10,0,T外骨格,ホローポイント弾,ドットサイト,6382,717,20
743,コア3,昼戦,206,AR,AK-12,100,0,10,0,オプティカル,高速弾,T外骨格,5708,713,21
743,コア3,昼戦,127,SMG,79式,100,0,10,0,T外骨格,専用装備,ドットサイト,6319,710,22
743,コア3,昼戦,73,AR,AUG,100,0,10,0,オプティカル,高速弾,T外骨格,5679,709,23
743,コア3,昼戦,122,AR,Gr G11,150,1,10,0,オプティカル,高速弾,T外骨格,5629,703,24
743,コア3,昼戦,188,SG,S.A.T.8,100,0,10,0,防弾ベスト,バックショット,ドットサイト,8040,703,25
743,コア3,昼戦,274,AR,ACR,100,0,10,0,オプティカル,高速弾,T外骨格,5624,703,26
743,コア3,昼戦,311,SMG,Lusa,100,0,10,0,T外骨格,ホローポイント弾,ドットサイト,6244,702,27
743,コア3,昼戦,243,AR,64式自,100,0,10,0,オプティカル,高速弾,T外骨格,5610,701,28
743,コア3,昼戦,163,SG,AA-12,100,0,10,0,防弾ベスト,専用装備,ホロサイト,8020,701,29
743,コア3,昼戦,323,SG,LTLX7000,100,0,10,0,防弾ベスト,バックショット,ドットサイト,8007,700,30
743,コア3,昼戦,293,AR,AK-15,100,0,10,0,オプティカル,高速弾,T外骨格,5580,697,31
743,コア3,昼戦,1023,SMG,ヘンリエッタ,50.3533,0,10,0,T外骨格,ホローポイント弾,専用装備,6182,695,32
743,コア3,昼戦,313,AR,S-ACR,100,0,10,0,オプティカル,高速弾,T外骨格,5561,695,33
743,コア3,昼戦,259,SMG,PM-9,100,0,10,0,T外骨格,ホローポイント弾,ドットサイト,6160,693,34
743,コア3,昼戦,236,AR,K11,100,0,10,0,オプティカル,高速弾,T外骨格,5545,693,35
743,コア3,昼戦,290,AR,89式,100,0,10,0,オプティカル,高速弾,T外骨格,5533,691,36
743,コア3,昼戦,106,AR,FAL,150,1,10,0,オプティカル,高速弾,T外骨格,5507,688,37
743,コア3,昼戦,1019,SMG,ドロシー・ヘイズ,100,0,10,0,T外骨格,専用装備,ドットサイト,6091,685,38
743,コア3,昼戦,115,SMG,スオミ,100,0,10,0,T外骨格,ホローポイント弾,ドットサイト,6085,684,39
743,コア3,昼戦,16,SMG,トンプソン,100,0,3,0,T外骨格,ホローポイント弾,ドットサイト,6088,684,40
743,コア3,昼戦,234,SMG,JS 9,100,0,10,0,外骨格,ホローポイント弾,ドットサイト,6083,684,41
743,コア3,昼戦,229,SG,M870,100,0,10,0,防弾ベスト,バックショット,ドットサイト,7823,684,42
743,コア3,昼戦,20154,SG,M500 Mod,100,0,10,10,防弾ベスト,バックショット,専用装備,7785,681,43
743,コア3,昼戦,1002,SG,エルフェルト,100,0,10,0,防弾ベスト,バックショット,ドットサイト,7771,679,44
743,コア3,昼戦,282,SG,DP-12,100,0,10,0,防弾ベスト,バックショット,ドットサイト,7734,676,45
743,コア3,昼戦,1028,SMG,エージェントVector,100,0,10,0,専用装備,ホローポイント弾,ドットサイト,6000,675,46
743,コア3,昼戦,214,AR,ADS,100,0,10,0,オプティカル,高速弾,X外骨格,5406,675,47
743,コア3,昼戦,129,AR,95式,100,0,10,0,専用装備,高速弾,X外骨格,5396,674,48
743,コア3,昼戦,194,AR,K2,100,0,10,0,オプティカル,高速弾,X外骨格,5394,674,49
743,コア3,昼戦,172,AR,Am RFB,100,0,10,0,専用装備,高速弾,X外骨格,5395,674,50
743,コア3,昼戦,338,AR,SIG MCX,85.4938,0,10,0,オプティカル,高速弾,X外骨格,5327,665,51
743,コア3,昼戦,281,SG,CAWS,78.4846,0,10,0,防弾ベスト,バックショット,ドットサイト,7546,660,52
743,コア3,昼戦,151,SG,M1887,100,0,4,0,防弾ベスト,バックショット,ドットサイト,7526,658,53
743,コア3,昼戦,143,SMG,RO635,100,0,10,0,X外骨格,ホローポイント弾,ドットサイト,5843,657,54
743,コア3,昼戦,28,SMG,Gr MP7,100,0,10,0,X外骨格,ホローポイント弾,ドットサイト,5846,657,55
743,コア3,昼戦,1029,AR,エージェント416,100,0,10,0,オプティカル,専用装備,X外骨格,5222,652,56
743,コア3,昼戦,251,SMG,X95,100,0,10,0,X外骨格,ホローポイント弾,ホロサイト,5705,641,57
743,コア3,昼戦,189,SG,USAS-12,100,0,10,0,防弾ベスト,バックショット,ホロサイト,7304,639,58
743,コア3,昼戦,20,SMG,Vector,100,0,10,0,X外骨格,ホローポイント弾,ホロサイト,5678,638,59
743,コア3,昼戦,224,SMG,PM-06,100,0,10,0,X外骨格,ホローポイント弾,ホロサイト,5657,636,60
743,コア3,昼戦,104,SMG,Gr G36c,100,0,10,0,X外骨格,ホローポイント弾,ホロサイト,5643,634,61
743,コア3,昼戦,326,SG,512,100,0,10,0,防弾ベスト,バックショット,ホロサイト,7225,632,62
743,コア3,昼戦,135,SMG,SR-3MP,100,0,10,0,X外骨格,ホローポイント弾,ホロサイト,5609,631,63
743,コア3,昼戦,328,SMG,AR-57,100,0,10,0,X外骨格,ホローポイント弾,ホロサイト,5507,619,64
743,コア3,昼戦,153,SG,M37,100,0,10,0,防弾ベスト,スラッグ弾,ホロサイト,6928,606,65
743,コア3,昼戦,27,SMG,スコーピオン,100,0,10,0,X外骨格,専用装備,ホロサイト,5277,593,66
743,コア3,昼戦,32,SMG,Micro Uzi,100,0,10,0,X外骨格,ホローポイント弾,ホロサイト,5181,582,67
743,コア3,昼戦,136,SMG,PP-19,100,0,3,0,X外骨格,ホローポイント弾,ホロサイト,5149,579,68
743,コア3,昼戦,280,SMG,MAT-49,100,0,1,0,X外骨格,ホローポイント弾,ホロサイト,5130,577,69
743,コア3,昼戦,18,SMG,イングラム,100,0,2,0,X外骨格,ホローポイント弾,ホロサイト,4931,554,70
743,コア3,昼戦,22,SMG,PPS-43,100,0,4,0,X外骨格,ホローポイント弾,ホロサイト,4788,538,71
743,コア3,昼戦,173,MG,PKP,100,0,10,0,徹甲弾,オプティカル,アサルトパック,8416,504,72
743,コア3,昼戦,238,MG,88式,100,0,10,0,徹甲弾,オプティカル,アサルトパック,8356,501,73
743,コア3,昼戦,20075,MG,M1918 Mod,100,0,10,10,徹甲弾,専用装備,専用装備,9593,479,74
743,コア3,昼戦,20081,MG,LWMMG Mod,100,0,10,10,徹甲弾,専用装備,アサルトパック,9528,476,75
743,コア3,昼戦,125,MG,Gr MG4,99.9741,0,10,0,徹甲弾,専用装備,アサルトパック,9379,468,76
743,コア3,昼戦,253,MG,ルイス,100,0,10,0,徹甲弾,オプティカル,アサルトパック,8906,445,77
743,コア3,昼戦,292,MG,RPK-16,100,0,10,0,徹甲弾,オプティカル,アサルトパック,8612,430,78
743,コア3,昼戦,1021,MG,アルマ・アルマス,100,0,10,0,徹甲弾,オプティカル,専用装備,8537,426,79
743,コア3,昼戦,307,MG,ZB-26,100,0,10,0,徹甲弾,オプティカル,アサルトパック,8417,420,80
743,コア3,昼戦,112,MG,ネゲヴ,100,0,10,0,徹甲弾,オプティカル,アサルトパック,8391,419,81
743,コア3,昼戦,208,MG,HMG21,100,0,10,0,徹甲弾,オプティカル,アサルトパック,8335,416,82
743,コア3,昼戦,183,HG,コンテンダー,100,0,10,0,サイレンサー,徹甲弾,X外骨格,4751,415,83
743,コア3,昼戦,185,MG,Ameli,100,0,1,0,徹甲弾,オプティカル,専用装備,8251,412,84
743,コア3,昼戦,109,MG,Gr MG5,100,0,10,0,徹甲弾,オプティカル,アサルトパック,8121,406,85
743,コア3,昼戦,276,MG,Kord,100,0,10,0,徹甲弾,ホロサイト,アサルトパック,7958,397,86
743,コア3,昼戦,275,MG,M1895 CB,100,0,10,0,徹甲弾,オプティカル,アサルトパック,7877,393,87
743,コア3,昼戦,20053,RF,NTW-20 Mod,200,1,10,10,専用装備,オプティカル,カモフラージュマント,7738,386,88
743,コア3,昼戦,85,MG,PK,100,0,10,0,徹甲弾,ホロサイト,アサルトパック,7540,377,89
743,コア3,昼戦,20252,RF,KSVK Mod,200,1,10,10,専用装備,オプティカル,カモフラージュマント,7538,376,90
743,コア3,昼戦,20221,HG,GSh-18 Mod,100,0,10,10,サイレンサー,専用装備,X外骨格,4293,375,91
743,コア3,昼戦,20097,HG,M950A Mod,100,0,10,10,サイレンサー,ホローポイント弾,X外骨格,4263,373,92
743,コア3,昼戦,77,MG,M2HB,100,0,10,0,徹甲弾,ホロサイト,アサルトパック,7435,371,93
743,コア3,昼戦,20037,RF,M14 Mod,200,1,10,10,徹甲弾,専用装備,カモフラージュマント,7348,367,94
743,コア3,昼戦,20007,HG,スチェッキン Mod,100,0,10,10,専用装備,ホローポイント弾,専用装備,4156,363,95
743,コア3,昼戦,261,RF,QBU-88,100,0,10,0,徹甲弾,オプティカル,カモフラージュマント,7190,359,96
743,コア3,昼戦,1024,RF,リコ,150,1,10,0,徹甲弾,オプティカル,専用装備,7145,357,97
743,コア3,昼戦,20039,RF,モシン・ナガン Mod,100,0,10,10,徹甲弾,専用装備,専用装備,7105,355,98
743,コア3,昼戦,36,RF,スプリングフィールド,100,0,10,0,専用装備,オプティカル,カモフラージュマント,7091,354,99
743,コア3,昼戦,20095,RF,漢陽88式 Mod,200,1,10,10,専用装備,専用装備,カモフラージュマント,7093,354,100
743,コア3,昼戦,50,RF,リー・エンフィールド,100,0,10,0,徹甲弾,専用装備,カモフラージュマント,6968,348,101
743,コア3,昼戦,48,RF,WA2000,150,1,10,0,徹甲弾,オプティカル,カモフラージュマント,6950,347,102
743,コア3,昼戦,266,RF,R93,100,0,10,0,徹甲弾,オプティカル,カモフラージュマント,6957,347,103
743,コア3,昼戦,20001,HG,コルトSAA Mod,91.8008,0,10,10,専用装備,ホローポイント弾,X外骨格,3946,345,104
743,コア3,昼戦,203,SMG,Honey Badger,46.426,0,1,0,X外骨格,ホローポイント弾,ホロサイト,3031,340,105
743,コア3,昼戦,46,RF,Kar98k,100,0,10,0,徹甲弾,専用装備,カモフラージュマント,6714,335,106
743,コア3,昼戦,1017,HG,ジル・スティングレイ,100,0,10,0,サイレンサー,専用装備,X外骨格,3655,319,107
743,コア3,昼戦,20002,HG,M1911 Mod,100,0,10,10,サイレンサー,専用装備,X外骨格,3635,318,108
746,コア6,昼戦,20055,AR,M4A1 Mod,200,1,10,10,オプティカル,高速弾,専用装備,8492,1061,1
746,コア6,昼戦,188,SG,S.A.T.8,100,0,10,0,防弾ベスト,バックショット,ドットサイト,8040,1005,2
746,コア6,昼戦,163,SG,AA-12,100,0,10,0,防弾ベスト,専用装備,ホロサイト,8020,1002,3
746,コア6,昼戦,323,SG,LTLX7000,100,0,10,0,防弾ベスト,バックショット,ドットサイト,8007,1000,4
746,コア6,昼戦,324,SG,M6 ASW,100,0,10,0,防弾ベスト,バックショット,ドットサイト,7960,995,5
746,コア6,昼戦,229,SG,M870,100,0,10,0,防弾ベスト,バックショット,ドットサイト,7823,977,6
746,コア6,昼戦,164,SG,FP-6,100,0,10,0,防弾ベスト,バックショット,ドットサイト,7813,976,7
746,コア6,昼戦,20154,SG,M500 Mod,100,0,10,10,防弾ベスト,バックショット,専用装備,7785,973,8
746,コア6,昼戦,1002,SG,エルフェルト,100,0,10,0,防弾ベスト,バックショット,ドットサイト,7771,971,9
746,コア6,昼戦,282,SG,DP-12,100,0,10,0,防弾ベスト,バックショット,ドットサイト,7734,966,10
746,コア6,昼戦,157,SG,Am KSG,100,0,10,0,防弾ベスト,バックショット,ドットサイト,7722,965,11
746,コア6,昼戦,20065,AR,416 Mod,200,1,10,10,専用装備,高速弾,専用装備,7594,949,12
746,コア6,昼戦,281,SG,CAWS,78.4846,0,10,0,防弾ベスト,バックショット,ドットサイト,7546,943,13
746,コア6,昼戦,151,SG,M1887,100,0,4,0,防弾ベスト,バックショット,ドットサイト,7526,940,14
746,コア6,昼戦,189,SG,USAS-12,100,0,10,0,防弾ベスト,バックショット,ドットサイト,7482,935,15
746,コア6,昼戦,326,SG,512,100,0,10,0,防弾ベスト,バックショット,ドットサイト,7393,924,16
746,コア6,昼戦,153,SG,M37,100,0,10,0,防弾ベスト,スラッグ弾,ホロサイト,6928,866,17
746,コア6,昼戦,162,SG,SPAS-12,100,0,4,0,防弾ベスト,スラッグ弾,ホロサイト,6868,858,18
746,コア6,昼戦,54,AR,M16A1,150,1,10,0,高速弾,T外骨格,専用装備,6710,838,19
746,コア6,昼戦,213,SMG,C-MS,100,0,10,0,T外骨格,徹甲弾,ドットサイト,7391,831,20
746,コア6,昼戦,20026,SMG,Gr MP5 Mod,200,1,10,10,専用装備,ホローポイント弾,専用装備,7369,829,21
746,コア6,昼戦,20057,AR,ST AR-15 Mod,200,1,10,10,オプティカル,オプティカル,専用装備,6374,796,22
746,コア6,昼戦,62,AR,Gr G41,100,0,10,0,オプティカル,高速弾,専用装備,6339,792,23
746,コア6,昼戦,20056,AR,M4 SOPMOD II Mod,200,1,10,10,オプティカル,専用装備,高速弾,6304,788,24
746,コア6,昼戦,20101,SMG,UMP9 Mod,100,0,10,10,専用装備,ホローポイント弾,専用装備,6945,781,25
746,コア6,昼戦,1027,AR,アンジェリカ,100,0,10,0,オプティカル,高速弾,専用装備,6211,776,26
746,コア6,昼戦,20053,RF,NTW-20 Mod,200,1,10,10,専用装備,オプティカル,カモフラージュマント,7738,773,27
746,コア6,昼戦,20064,AR,Gr G36 Mod,200,1,10,10,専用装備,高速弾,T外骨格,6067,758,28
746,コア6,昼戦,20252,RF,KSVK Mod,200,1,10,10,専用装備,オプティカル,カモフラージュマント,7538,753,29
746,コア6,昼戦,20103,SMG,UMP45 Mod,200,1,10,10,T外骨格,ホローポイント弾,専用装備,6657,748,30
746,コア6,昼戦,20029,SMG,ステンMK-II Mod,150,1,10,10,T外骨格,ホローポイント弾,専用装備,6574,739,31
746,コア6,昼戦,20037,RF,M14 Mod,200,1,10,10,徹甲弾,専用装備,カモフラージュマント,7348,734,32
746,コア6,昼戦,205,AR,AN-94,150,1,10,0,オプティカル,高速弾,T外骨格,5867,733,33
746,コア6,昼戦,228,SMG,一〇〇式,100,0,10,0,T外骨格,ホローポイント弾,専用装備,6468,727,34
746,コア6,昼戦,215,AR,MDR,100,0,10,0,専用装備,高速弾,T外骨格,5811,726,35
746,コア6,昼戦,20075,MG,M1918 Mod,100,0,10,10,徹甲弾,専用装備,専用装備,9593,719,36
746,コア6,昼戦,261,RF,QBU-88,100,0,10,0,徹甲弾,オプティカル,カモフラージュマント,7190,719,37
746,コア6,昼戦,245,SMG,P90,100,0,10,0,T外骨格,ホローポイント弾,ドットサイト,6382,717,38
746,コア6,昼戦,20081,MG,LWMMG Mod,100,0,10,10,徹甲弾,専用装備,アサルトパック,9528,714,39
746,コア6,昼戦,1024,RF,リコ,150,1,10,0,徹甲弾,オプティカル,専用装備,7145,714,40
746,コア6,昼戦,206,AR,AK-12,100,0,10,0,オプティカル,高速弾,T外骨格,5708,713,41
746,コア6,昼戦,20039,RF,モシン・ナガン Mod,100,0,10,10,徹甲弾,専用装備,専用装備,7105,710,42
746,コア6,昼戦,127,SMG,79式,100,0,10,0,T外骨格,専用装備,ドットサイト,6319,710,43
746,コア6,昼戦,36,RF,スプリングフィールド,100,0,10,0,専用装備,オプティカル,カモフラージュマント,7091,709,44
746,コア6,昼戦,20095,RF,漢陽88式 Mod,200,1,10,10,専用装備,専用装備,カモフラージュマント,7093,709,45
746,コア6,昼戦,73,AR,AUG,100,0,10,0,オプティカル,高速弾,T外骨格,5679,709,46
746,コア6,昼戦,122,AR,Gr G11,150,1,10,0,オプティカル,高速弾,T外骨格,5629,703,47
746,コア6,昼戦,274,AR,ACR,100,0,10,0,オプティカル,高速弾,T外骨格,5624,703,48
746,コア6,昼戦,125,MG,Gr MG4,99.9741,0,10,0,徹甲弾,専用装備,アサルトパック,9379,703,49
746,コア6,昼戦,311,SMG,Lusa,100,0,10,0,T外骨格,ホローポイント弾,ドットサイト,6244,702,50
746,コア6,昼戦,243,AR,64式自,100,0,10,0,オプティカル,高速弾,T外骨格,5610,701,51
746,コア6,昼戦,293,AR,AK-15,100,0,10,0,オプティカル,高速弾,T外骨格,5580,697,52
746,コア6,昼戦,50,RF,リー・エンフィールド,100,0,10,0,徹甲弾,専用装備,カモフラージュマント,6968,696,53
746,コア6,昼戦,48,RF,WA2000,150,1,10,0,徹甲弾,オプティカル,カモフラージュマント,6950,695,54
746,コア6,昼戦,266,RF,R93,100,0,10,0,徹甲弾,オプティカル,カモフラージュマント,6957,695,55
746,コア6,昼戦,1023,SMG,ヘンリエッタ,50.3533,0,10,0,T外骨格,ホローポイント弾,専用装備,6182,695,56
746,コア6,昼戦,313,AR,S-ACR,100,0,10,0,オプティカル,高速弾,T外骨格,5561,695,57
746,コア6,昼戦,259,SMG,PM-9,100,0,10,0,T外骨格,ホローポイント弾,ドットサイト,6160,693,58
746,コア6,昼戦,236,AR,K11,100,0,10,0,オプティカル,高速弾,T外骨格,5545,693,59
746,コア6,昼戦,290,AR,89式,100,0,10,0,オプティカル,高速弾,T外骨格,5533,691,60
746,コア6,昼戦,106,AR,FAL,150,1,10,0,オプティカル,高速弾,T外骨格,5507,688,61
746,コア6,昼戦,1019,SMG,ドロシー・ヘイズ,100,0,10,0,T外骨格,専用装備,ドットサイト,6091,685,62
746,コア6,昼戦,115,SMG,スオミ,100,0,10,0,T外骨格,ホローポイント弾,ドットサイト,6085,684,63
746,コア6,昼戦,16,SMG,トンプソン,100,0,3,0,外骨格,ホローポイント弾,ドットサイト,6088,684,64
746,コア6,昼戦,1028,SMG,エージェントVector,100,0,10,0,専用装備,ホローポイント弾,ドットサイト,6000,675,65
746,コア6,昼戦,214,AR,ADS,100,0,10,0,オプティカル,高速弾,X外骨格,5406,675,66
746,コア6,昼戦,129,AR,95式,100,0,10,0,専用装備,高速弾,X外骨格,5396,674,67
746,コア6,昼戦,194,AR,K2,100,0,10,0,オプティカル,高速弾,X外骨格,5394,674,68
746,コア6,昼戦,172,AR,Am RFB,100,0,10,0,専用装備,高速弾,X外骨格,5395,674,69
746,コア6,昼戦,46,RF,Kar98k,100,0,10,0,徹甲弾,専用装備,カモフラージュマント,6714,671,70
746,コア6,昼戦,296,RF,Gr SL8,100,0,10,0,徹甲弾,オプティカル,カモフラージュマント,6719,671,71
746,コア6,昼戦,253,MG,ルイス,100,0,10,0,徹甲弾,ドットサイト,アサルトパック,8943,670,72
746,コア6,昼戦,329,RF,SVCh,100,0,10,0,徹甲弾,オプティカル,カモフラージュマント,6697,669,73
746,コア6,昼戦,312,RF,VSK-94,100,0,10,0,徹甲弾,オプティカル,カモフラージュマント,6651,665,74
746,コア6,昼戦,338,AR,SIG MCX,85.4938,0,10,0,オプティカル,高速弾,X外骨格,5327,665,75
746,コア6,昼戦,231,RF,M82A1,100,0,10,0,徹甲弾,オプティカル,カモフラージュマント,6641,664,76
746,コア6,昼戦,257,RF,M200,100,0,10,0,徹甲弾,オプティカル,カモフラージュマント,6586,658,77
746,コア6,昼戦,197,RF,カルカノ M1891,150,1,10,0,徹甲弾,オプティカル,カモフラージュマント,6578,657,78
746,コア6,昼戦,43,RF,SVD,150,1,10,0,徹甲弾,オプティカル,カモフラージュマント,6568,656,79
746,コア6,昼戦,234,SMG,JS 9,100,0,10,0,X外骨格,ホローポイント弾,ホロサイト,5823,655,80
746,コア6,昼戦,198,RF,カルカノ M91/38,100,0,10,0,徹甲弾,オプティカル,カモフラージュマント,6552,655,81
746,コア6,昼戦,1029,AR,エージェント416,100,0,10,0,オプティカル,専用装備,X外骨格,5222,652,82
746,コア6,昼戦,143,SMG,RO635,100,0,10,0,X外骨格,ホローポイント弾,ホロサイト,5777,649,83
746,コア6,昼戦,1020,RF,ステラ・星井,100,0,10,0,徹甲弾,オプティカル,専用装備,6496,649,84
746,コア6,昼戦,28,SMG,Gr MP7,100,0,10,0,X外骨格,ホローポイント弾,ホロサイト,5753,647,85
746,コア6,昼戦,292,MG,RPK-16,100,0,10,0,徹甲弾,オプティカル,アサルトパック,8612,645,86
746,コア6,昼戦,148,RF,IWS 2000,100,0,10,0,徹甲弾,オプティカル,カモフラージュマント,6446,644,87
746,コア6,昼戦,251,SMG,X95,100,0,10,0,X外骨格,ホローポイント弾,ホロサイト,5705,641,88
746,コア6,昼戦,1021,MG,アルマ・アルマス,100,0,10,0,徹甲弾,オプティカル,専用装備,8537,640,89
746,コア6,昼戦,20051,RF,FF FN49 Mod,100,0,10,10,徹甲弾,専用装備,カモフラージュマント,6407,640,90
746,コア6,昼戦,20,SMG,Vector,100,0,10,0,X外骨格,ホローポイント弾,ホロサイト,5678,638,91
746,コア6,昼戦,224,SMG,PM-06,100,0,10,0,X外骨格,ホローポイント弾,ホロサイト,5657,636,92
746,コア6,昼戦,104,SMG,Gr G36c,100,0,10,0,X外骨格,ホローポイント弾,ホロサイト,5643,634,93
746,コア6,昼戦,146,RF,Gr G28,100,0,10,0,徹甲弾,オプティカル,カモフラージュマント,6339,633,94
746,コア6,昼戦,135,SMG,SR-3MP,100,0,10,0,X外骨格,ホローポイント弾,ホロサイト,5609,631,95
746,コア6,昼戦,328,SMG,AR-57,100,0,10,0,X外骨格,ホローポイント弾,ホロサイト,5507,619,96
746,コア6,昼戦,27,SMG,スコーピオン,100,0,10,0,X外骨格,専用装備,ホロサイト,5277,593,97
746,コア6,昼戦,32,SMG,Micro Uzi,100,0,10,0,X外骨格,ホローポイント弾,ホロサイト,5181,582,98
746,コア6,昼戦,136,SMG,PP-19,100,0,3,0,X外骨格,ホローポイント弾,ホロサイト,5149,579,99
746,コア6,昼戦,280,SMG,MAT-49,100,0,1,0,X外骨格,ホローポイント弾,ホロサイト,5130,577,100
746,コア6,昼戦,18,SMG,イングラム,100,0,2,0,X外骨格,ホローポイント弾,ホロサイト,4931,554,101
746,コア6,昼戦,22,SMG,PPS-43,100,0,4,0,X外骨格,ホローポイント弾,ホロサイト,4788,538,102
746,コア6,昼戦,20221,HG,GSh-18 Mod,100,0,10,10,サイレンサー,専用装備,X外骨格,4293,375,103
746,コア6,昼戦,20097,HG,M950A Mod,100,0,10,10,サイレンサー,ホローポイント弾,X外骨格,4263,373,104
746,コア6,昼戦,20007,HG,スチェッキン Mod,100,0,10,10,専用装備,ホローポイント弾,専用装備,4156,363,105
746,コア6,昼戦,20001,HG,コルトSAA Mod,91.8008,0,10,10,専用装備,ホローポイント弾,X外骨格,3946,345,106
746,コア6,昼戦,203,SMG,Honey Badger,46.426,0,1,0,X外骨格,ホローポイント弾,ホロサイト,3031,340,107
746,コア6,昼戦,1017,HG,ジル・スティングレイ,100,0,10,0,サイレンサー,専用装備,X外骨格,3655,319,108
746,コア6,昼戦,20002,HG,M1911 Mod,100,0,10,10,サイレンサー,専用装備,X外骨格,3635,318,109
748,コア8,夜戦,20055,AR,M4A1 Mod,200,1,10,10,暗視装備,高速弾,専用装備,7607,2091,1
748,コア8,夜戦,20065,AR,416 Mod,200,1,10,10,暗視装備,高速弾,専用装備,6569,1806,2
748,コア8,夜戦,20057,AR,ST AR-15 Mod,200,1,10,10,オプティカル,暗視装備,専用装備,5770,1586,3
748,コア8,夜戦,20056,AR,M4 SOPMOD II Mod,200,1,10,10,オプティカル,暗視装備,高速弾,5714,1571,4
748,コア8,夜戦,62,AR,Gr G41,100,0,10,0,暗視装備,高速弾,専用装備,5648,1553,5
748,コア8,夜戦,54,AR,M16A1,150,1,10,0,高速弾,防弾ベスト,専用装備,5599,1539,6
748,コア8,夜戦,1027,AR,アンジェリカ,100,0,10,0,暗視装備,高速弾,専用装備,5574,1532,7
748,コア8,夜戦,20026,SMG,Gr MP5 Mod,200,1,10,10,専用装備,ホローポイント弾,暗視装備,6370,1512,8
748,コア8,夜戦,213,SMG,C-MS,100,0,10,0,T外骨格,徹甲弾,暗視装備,6360,1510,9
748,コア8,夜戦,328,SMG,AR-57,100,0,10,0,T外骨格,ホローポイント弾,暗視装備,5289,1507,10
748,コア8,夜戦,20064,AR,Gr G36 Mod,200,1,10,10,暗視装備,高速弾,T外骨格,5464,1502,11
748,コア8,夜戦,20103,SMG,UMP45 Mod,200,1,10,10,専用装備,ホローポイント弾,暗視装備,6260,1486,12
748,コア8,夜戦,171,AR,リベロール,100,0,10,0,暗視装備,高速弾,T外骨格,4465,1473,13
748,コア8,夜戦,205,AR,AN-94,150,1,10,0,暗視装備,高速弾,T外骨格,5311,1460,14
748,コア8,夜戦,20029,SMG,ステンMK-II Mod,150,1,10,10,T外骨格,ホローポイント弾,暗視装備,6073,1442,15
748,コア8,夜戦,73,AR,AUG,100,0,10,0,暗視装備,高速弾,T外骨格,5178,1423,16
748,コア8,夜戦,206,AR,AK-12,100,0,10,0,暗視装備,高速弾,T外骨格,5167,1420,17
748,コア8,夜戦,274,AR,ACR,100,0,10,0,暗視装備,高速弾,T外骨格,5124,1409,18
748,コア8,夜戦,122,AR,Gr G11,150,1,10,0,暗視装備,高速弾,T外骨格,5109,1404,19
748,コア8,夜戦,243,AR,64式自,100,0,10,0,暗視装備,高速弾,T外骨格,5105,1403,20
748,コア8,夜戦,245,SMG,P90,100,0,10,0,T外骨格,ホローポイント弾,暗視装備,5863,1392,21
748,コア8,夜戦,228,SMG,一〇〇式,100,0,10,0,T外骨格,ホローポイント弾,専用装備,5860,1391,22
748,コア8,夜戦,313,AR,S-ACR,100,0,10,0,暗視装備,高速弾,T外骨格,5059,1391,23
748,コア8,夜戦,236,AR,K11,100,0,10,0,暗視装備,高速弾,T外骨格,5057,1390,24
748,コア8,夜戦,293,AR,AK-15,100,0,10,0,暗視装備,高速弾,T外骨格,5058,1390,25
748,コア8,夜戦,20101,SMG,UMP9 Mod,100,0,10,10,T外骨格,ホローポイント弾,暗視装備,5834,1385,26
748,コア8,夜戦,290,AR,89式,100,0,10,0,暗視装備,高速弾,T外骨格,5036,1384,27
748,コア8,夜戦,106,AR,FAL,150,1,10,0,暗視装備,高速弾,T外骨格,5028,1382,28
748,コア8,夜戦,194,AR,K2,100,0,10,0,暗視装備,高速弾,T外骨格,4974,1367,29
748,コア8,夜戦,214,AR,ADS,100,0,10,0,暗視装備,高速弾,T外骨格,4961,1364,30
748,コア8,夜戦,215,AR,MDR,100,0,10,0,暗視装備,高速弾,T外骨格,4932,1356,31
748,コア8,夜戦,311,SMG,Lusa,100,0,10,0,T外骨格,ホローポイント弾,暗視装備,5686,1350,32
748,コア8,夜戦,1023,SMG,ヘンリエッタ,50.3533,0,10,0,T外骨格,ホローポイント弾,暗視装備,5657,1343,33
748,コア8,夜戦,330,AR,FX-05,63.3948,0,1,0,暗視装備,高速弾,T外骨格,4063,1340,34
748,コア8,夜戦,338,AR,SIG MCX,85.4938,0,10,0,暗視装備,高速弾,外骨格,4855,1335,35
748,コア8,夜戦,1029,AR,エージェント416,100,0,10,0,暗視装備,専用装備,X外骨格,4732,1301,36
748,コア8,夜戦,234,SMG,JS 9,100,0,10,0,X外骨格,ホローポイント弾,暗視装備,5349,1270,37
748,コア8,夜戦,1028,SMG,エージェントVector,100,0,10,0,専用装備,ホローポイント弾,暗視装備,5328,1265,38
748,コア8,夜戦,1019,SMG,ドロシー・ヘイズ,100,0,10,0,X外骨格,専用装備,暗視装備,5325,1264,39
748,コア8,夜戦,16,SMG,トンプソン,100,0,3,0,X外骨格,ホローポイント弾,サイレンサー,4835,1148,40
748,コア8,夜戦,115,SMG,スオミ,100,0,10,0,X外骨格,ホローポイント弾,サイレンサー,4781,1135,41
748,コア8,夜戦,224,SMG,PM-06,100,0,10,0,X外骨格,ホローポイント弾,サイレンサー,4777,1134,42
748,コア8,夜戦,259,SMG,PM-9,100,0,10,0,X外骨格,ホローポイント弾,サイレンサー,4775,1134,43
748,コア8,夜戦,28,SMG,Gr MP7,100,0,10,0,X外骨格,ホローポイント弾,サイレンサー,4770,1132,44
748,コア8,夜戦,143,SMG,RO635,100,0,10,0,X外骨格,ホローポイント弾,サイレンサー,4756,1129,45
748,コア8,夜戦,104,SMG,Gr G36c,100,0,10,0,X外骨格,ホローポイント弾,サイレンサー,4745,1126,46
748,コア8,夜戦,127,SMG,79式,100,0,10,0,X外骨格,専用装備,サイレンサー,4735,1124,47
748,コア8,夜戦,251,SMG,X95,100,0,10,0,X外骨格,ホローポイント弾,サイレンサー,4646,1103,48
748,コア8,夜戦,135,SMG,SR-3MP,100,0,10,0,X外骨格,ホローポイント弾,サイレンサー,4628,1099,49
748,コア8,夜戦,20,SMG,Vector,100,0,10,0,X外骨格,ホローポイント弾,サイレンサー,4560,1083,50
748,コア8,夜戦,280,SMG,MAT-49,100,0,1,0,X外骨格,ホローポイント弾,サイレンサー,4298,1020,51
748,コア8,夜戦,27,SMG,スコーピオン,100,0,10,0,X外骨格,専用装備,サイレンサー,4259,1011,52
748,コア8,夜戦,136,SMG,PP-19,100,0,3,0,X外骨格,ホローポイント弾,サイレンサー,4210,999,53
748,コア8,夜戦,32,SMG,Micro Uzi,100,0,10,0,X外骨格,ホローポイント弾,ドットサイト,4131,981,54
748,コア8,夜戦,18,SMG,イングラム,100,0,2,0,X外骨格,ホローポイント弾,サイレンサー,3986,946,55
748,コア8,夜戦,22,SMG,PPS-43,100,0,4,0,X外骨格,ホローポイント弾,サイレンサー,3971,943,56
748,コア8,夜戦,1009,HG,エル・クレア,100,0,10,0,専用装備,ホローポイント弾,X外骨格,3377,886,57
748,コア8,夜戦,1010,HG,エル・フェイル,100,0,10,0,専用装備,ホローポイント弾,X外骨格,3377,886,58
748,コア8,夜戦,323,SG,LTLX7000,100,0,10,0,防弾ベスト,バックショット,ドットサイト,7027,878,59
748,コア8,夜戦,188,SG,S.A.T.8,100,0,10,0,防弾ベスト,バックショット,ドットサイト,6837,854,60
748,コア8,夜戦,164,SG,FP-6,100,0,10,0,防弾ベスト,バックショット,ドットサイト,6695,836,61
748,コア8,夜戦,324,SG,M6 ASW,100,0,10,0,防弾ベスト,バックショット,ドットサイト,6664,833,62
748,コア8,夜戦,163,SG,AA-12,100,0,10,0,防弾ベスト,専用装備,ドットサイト,6638,829,63
748,コア8,夜戦,229,SG,M870,100,0,10,0,防弾ベスト,バックショット,ドットサイト,6634,829,64
748,コア8,夜戦,157,SG,Am KSG,100,0,10,0,防弾ベスト,バックショット,ドットサイト,6560,820,65
748,コア8,夜戦,20097,HG,M950A Mod,100,0,10,10,サイレンサー,ホローポイント弾,X外骨格,3111,816,66
748,コア8,夜戦,282,SG,DP-12,100,0,10,0,防弾ベスト,バックショット,ドットサイト,6526,815,67
748,コア8,夜戦,1002,SG,エルフェルト,100,0,10,0,防弾ベスト,バックショット,ドットサイト,6513,814,68
748,コア8,夜戦,20154,SG,M500 Mod,100,0,10,10,防弾ベスト,バックショット,専用装備,6513,814,69
748,コア8,夜戦,151,SG,M1887,100,0,4,0,防弾ベスト,バックショット,ドットサイト,6454,806,70
748,コア8,夜戦,183,HG,コンテンダー,100,0,10,0,サイレンサー,徹甲弾,X外骨格,3071,806,71
748,コア8,夜戦,1017,HG,ジル・スティングレイ,100,0,10,0,専用装備,専用装備,X外骨格,3066,804,72
748,コア8,夜戦,20007,HG,スチェッキン Mod,100,0,10,10,専用装備,ホローポイント弾,専用装備,3037,797,73
748,コア8,夜戦,20221,HG,GSh-18 Mod,100,0,10,10,サイレンサー,専用装備,X外骨格,3022,793,74
748,コア8,夜戦,281,SG,CAWS,78.4846,0,10,0,防弾ベスト,バックショット,ドットサイト,6291,786,75
748,コア8,夜戦,153,SG,M37,100,0,10,0,防弾ベスト,バックショット,ドットサイト,6172,771,76
748,コア8,夜戦,189,SG,USAS-12,100,0,10,0,防弾ベスト,バックショット,ドットサイト,6154,769,77
748,コア8,夜戦,326,SG,512,100,0,10,0,防弾ベスト,スラッグ弾,ドットサイト,6081,760,78
748,コア8,夜戦,20002,HG,M1911 Mod,100,0,10,10,サイレンサー,専用装備,X外骨格,2751,722,79
748,コア8,夜戦,20075,MG,M1918 Mod,100,0,10,10,徹甲弾,専用装備,専用装備,4730,354,80
748,コア8,夜戦,125,MG,Gr MG4,99.9741,0,10,0,徹甲弾,専用装備,アサルトパック,4729,354,81
748,コア8,夜戦,20081,MG,LWMMG Mod,100,0,10,10,徹甲弾,専用装備,アサルトパック,4528,339,82
748,コア8,夜戦,253,MG,ルイス,100,0,10,0,徹甲弾,ドットサイト,アサルトパック,4456,334,83
748,コア8,夜戦,292,MG,RPK-16,100,0,10,0,徹甲弾,ドットサイト,アサルトパック,4297,322,84
748,コア8,夜戦,112,MG,ネゲヴ,100,0,10,0,徹甲弾,ドットサイト,アサルトパック,4290,321,85
748,コア8,夜戦,307,MG,ZB-26,100,0,10,0,徹甲弾,ドットサイト,アサルトパック,4259,319,86
748,コア8,夜戦,1021,MG,アルマ・アルマス,100,0,10,0,徹甲弾,ドットサイト,専用装備,4224,316,87
748,コア8,夜戦,109,MG,Gr MG5,100,0,10,0,徹甲弾,ドットサイト,アサルトパック,4204,315,88
748,コア8,夜戦,238,MG,88式,100,0,10,0,徹甲弾,ドットサイト,アサルトパック,4195,314,89
748,コア8,夜戦,20053,RF,NTW-20 Mod,200,1,10,10,専用装備,オプティカル,カモフラージュマント,4044,303,90
748,コア8,夜戦,20252,RF,KSVK Mod,200,1,10,10,専用装備,オプティカル,カモフラージュマント,3958,296,91
748,コア8,夜戦,20039,RF,モシン・ナガン Mod,100,0,10,10,徹甲弾,専用装備,専用装備,3879,290,92
748,コア8,夜戦,208,MG,HMG21,100,0,10,0,徹甲弾,ホロサイト,アサルトパック,3865,289,93
748,コア8,夜戦,173,MG,PKP,100,0,10,0,徹甲弾,ホロサイト,アサルトパック,3796,284,94
748,コア8,夜戦,20037,RF,M14 Mod,200,1,10,10,徹甲弾,専用装備,カモフラージュマント,3749,281,95
748,コア8,夜戦,20095,RF,漢陽88式 Mod,200,1,10,10,専用装備,専用装備,カモフラージュマント,3716,278,96
748,コア8,夜戦,275,MG,M1895 CB,100,0,10,0,徹甲弾,ホロサイト,アサルトパック,3656,274,97
748,コア8,夜戦,261,RF,QBU-88,100,0,10,0,徹甲弾,オプティカル,カモフラージュマント,3641,273,98
748,コア8,夜戦,276,MG,Kord,100,0,10,0,徹甲弾,ホロサイト,アサルトパック,3653,273,99
748,コア8,夜戦,185,MG,Ameli,100,0,1,0,徹甲弾,ホロサイト,専用装備,3636,272,100
748,コア8,夜戦,266,RF,R93,100,0,10,0,徹甲弾,オプティカル,カモフラージュマント,3581,268,101
748,コア8,夜戦,85,MG,PK,100,0,10,0,徹甲弾,ホロサイト,アサルトパック,3505,262,102
748,コア8,夜戦,1024,RF,リコ,150,1,10,0,徹甲弾,オプティカル,専用装備,3499,262,103
748,コア8,夜戦,48,RF,WA2000,150,1,10,0,徹甲弾,オプティカル,カモフラージュマント,3484,261,104
748,コア8,夜戦,329,RF,SVCh,100,0,10,0,徹甲弾,オプティカル,カモフラージュマント,3490,261,105
748,コア8,夜戦,257,RF,M200,100,0,10,0,徹甲弾,オプティカル,カモフラージュマント,3453,258,106
748,コア8,夜戦,197,RF,カルカノ M1891,150,1,10,0,徹甲弾,オプティカル,カモフラージュマント,3435,257,107
748,コア8,夜戦,36,RF,スプリングフィールド,100,0,10,0,専用装備,オプティカル,カモフラージュマント,3379,253,108
